aX0,aY0,aZ0,gX0,gY0,gZ0,aX1,aY1,aZ1,gX1,gY1,gZ1,aX2,aY2,aZ2,gX2,gY2,gZ2,aX3,aY3,aZ3,gX3,gY3,gZ3,aX4,aY4,aZ4,gX4,gY4,gZ4,aX5,aY5,aZ5,gX5,gY5,gZ5,aX6,aY6,aZ6,gX6,gY6,gZ6,aX7,aY7,aZ7,gX7,gY7,gZ7,aX8,aY8,aZ8,gX8,gY8,gZ8,aX9,aY9,aZ9,gX9,gY9,gZ9,aX10,aY10,aZ10,gX10,gY10,gZ10,aX11,aY11,aZ11,gX11,gY11,gZ11,aX12,aY12,aZ12,gX12,gY12,gZ12,aX13,aY13,aZ13,gX13,gY13,gZ13,aX14,aY14,aZ14,gX14,gY14,gZ14,aX15,aY15,aZ15,gX15,gY15,gZ15,aX16,aY16,aZ16,gX16,gY16,gZ16,aX17,aY17,aZ17,gX17,gY17,gZ17,aX18,aY18,aZ18,gX18,gY18,gZ18,aX19,aY19,aZ19,gX19,gY19,gZ19,aX20,aY20,aZ20,gX20,gY20,gZ20,aX21,aY21,aZ21,gX21,gY21,gZ21,aX22,aY22,aZ22,gX22,gY22,gZ22,aX23,aY23,aZ23,gX23,gY23,gZ23,aX24,aY24,aZ24,gX24,gY24,gZ24,aX25,aY25,aZ25,gX25,gY25,gZ25,aX26,aY26,aZ26,gX26,gY26,gZ26,aX27,aY27,aZ27,gX27,gY27,gZ27,aX28,aY28,aZ28,gX28,gY28,gZ28,aX29,aY29,aZ29,gX29,gY29,gZ29,aX30,aY30,aZ30,gX30,gY30,gZ30,aX31,aY31,aZ31,gX31,gY31,gZ31,aX32,aY32,aZ32,gX32,gY32,gZ32,aX33,aY33,aZ33,gX33,gY33,gZ33,aX34,aY34,aZ34,gX34,gY34,gZ34,aX35,aY35,aZ35,gX35,gY35,gZ35,aX36,aY36,aZ36,gX36,gY36,gZ36,aX37,aY37,aZ37,gX37,gY37,gZ37,aX38,aY38,aZ38,gX38,gY38,gZ38,aX39,aY39,aZ39,gX39,gY39,gZ39,aX40,aY40,aZ40,gX40,gY40,gZ40,aX41,aY41,aZ41,gX41,gY41,gZ41,aX42,aY42,aZ42,gX42,gY42,gZ42,aX43,aY43,aZ43,gX43,gY43,gZ43,aX44,aY44,aZ44,gX44,gY44,gZ44,aX45,aY45,aZ45,gX45,gY45,gZ45,aX46,aY46,aZ46,gX46,gY46,gZ46,aX47,aY47,aZ47,gX47,gY47,gZ47,aX48,aY48,aZ48,gX48,gY48,gZ48,aX49,aY49,aZ49,gX49,gY49,gZ49,target
-316,85,4227,0,0,0,-305,66,4071,1,1,1,-319,62,4094,0,-2,-1,-306,77,4080,-2,-2,2,-303,65,4087,1,0,0,-311,70,4080,0,0,0,-321,71,4075,1,3,1,-313,60,4091,1,1,0,-299,73,4085,1,-3,0,-300,72,4086,0,-1,0,-309,71,4082,-1,-1,0,-317,63,4090,0,-2,-1,-319,58,4082,0,0,0,-302,72,4086,1,2,0,-315,70,4081,0,-1,0,-315,57,4079,2,0,-2,-311,76,4097,1,-2,1,-314,55,4087,4,0,0,-311,61,4081,0,0,0,-310,58,4080,0,0,0,-321,71,4097,1,0,0,-309,71,4089,0,2,1,-311,71,4086,0,0,-1,-300,70,4098,1,-2,1,-312,72,4085,1,0,0,-322,74,4085,2,-2,-1,-318,76,4081,-2,0,0,-320,57,4089,0,0,-1,-302,63,4095,0,-1,0,-316,57,4088,0,0,2,-311,68,4078,1,0,0,-314,60,4075,2,0,0,-327,62,4078,0,1,0,-315,75,4087,0,-1,1,-305,61,4088,-2,0,0,-306,67,4086,0,-3,-2,-323,71,4087,2,-1,0,-319,58,4098,-1,-3,-1,-304,73,4092,1,-1,1,-329,60,4089,1,-3,0,-325,55,4092,2,0,2,-305,77,4087,2,-1,2,-319,63,4077,0,0,-1,-308,56,4086,0,-1,0,-309,70,4079,1,-1,0,-323,75,4087,-1,-1,1,-310,67,4089,-1,1,0,-308,47,4089,1,0,0,-312,65,4080,1,-1,2,-307,53,4080,1,0,-1,0
-313,58,4087,-2,0,0,-300,55,4091,0,-1,0,-311,58,4106,1,0,1,-325,69,4086,1,1,0,-314,67,4070,2,0,-1,-313,64,4090,1,0,0,-319,67,4085,2,-2,1,-331,74,4090,0,-1,0,-318,65,4077,1,1,0,-317,69,4081,-1,0,-3,-311,63,4082,2,-2,0,-316,64,4096,0,0,-1,-317,65,4075,3,1,0,-310,75,4087,-1,3,-1,-313,59,4071,-2,0,0,-306,63,4095,2,1,1,-320,52,4084,1,1,1,-314,65,4083,-1,0,0,-307,58,4103,2,0,1,-311,65,4075,-1,0,0,-308,59,4092,-2,0,-1,-311,69,4077,-2,0,0,-314,69,4088,0,0,1,-321,54,4077,2,0,1,-315,66,4089,1,0,0,-304,64,4082,2,1,-1,-310,70,4086,0,0,0,-311,67,4076,0,0,1,-321,66,4087,0,0,1,-307,76,4090,0,0,0,-313,62,4095,0,-1,0,-307,73,4091,2,0,0,-311,63,4084,-1,-1,0,-311,60,4078,0,0,2,-309,67,4078,1,0,1,-303,71,4073,2,0,0,-310,67,4087,-2,0,0,-315,59,4086,3,-3,1,-305,74,4087,0,0,0,-321,58,4091,1,-2,0,-317,78,4085,1,2,0,-307,67,4084,0,1,0,-310,67,4074,1,-1,0,-305,65,4100,1,1,2,-310,65,4086,-1,0,1,-307,65,4081,4,1,0,-304,63,4087,1,-1,-1,-310,69,4085,0,0,1,-305,67,4097,1,0,2,-313,68,4096,-1,-1,0,0
-320,61,4092,-1,0,4,-292,73,4094,1,0,0,-307,52,4101,-1,1,1,-305,72,4077,0,0,-2,-314,71,4095,2,-2,0,-309,62,4092,-1,0,0,-316,63,4091,0,0,1,-323,71,4086,-1,0,-1,-312,79,4079,0,1,1,-315,57,4081,0,1,1,-315,63,4077,-1,0,1,-316,68,4086,-1,-1,0,-319,84,4077,1,0,0,-311,61,4096,1,0,0,-323,61,4092,-1,1,2,-313,73,4096,-2,0,0,-309,64,4087,2,-1,1,-311,64,4084,2,0,0,-315,67,4092,-1,0,0,-318,53,4088,-2,0,0,-312,57,4087,0,1,-1,-314,64,4077,0,1,0,-307,65,4096,0,0,0,-307,65,4087,0,-1,1,-310,64,4082,0,-1,0,-315,68,4090,1,-1,0,-319,52,4078,-1,1,-1,-304,65,4091,0,0,1,-330,73,4070,0,-1,-1,-310,55,4083,0,1,0,-313,74,4084,-1,-1,1,-304,56,4076,1,-2,0,-323,63,4097,-1,0,1,-314,64,4078,1,0,0,-316,66,4091,0,3,0,-308,75,4084,-3,0,0,-314,63,4087,0,0,0,-308,61,4086,0,0,2,-315,53,4081,0,1,-2,-309,76,4099,1,1,1,-308,60,4073,-1,1,0,-300,54,4085,1,0,0,-309,61,4084,-3,1,-1,-304,62,4083,1,3,2,-309,63,4086,4,1,0,-321,73,4097,0,4,0,-311,63,4085,0,0,-1,-311,56,4083,1,1,-1,-308,54,4085,0,0,1,-313,67,4075,-3,-1,2,0
-314,63,4094,0,0,0,-321,84,4054,0,2,0,-305,71,4114,0,0,1,-302,73,4105,0,1,0,-315,80,4065,0,0,0,-313,55,4103,4,0,0,-334,76,4083,0,-1,1,-316,60,4101,-1,1,1,-310,54,4078,0,-1,0,-305,72,4070,0,0,0,-314,62,4103,-3,-2,0,-325,55,4083,1,0,0,-317,59,4088,-3,1,-3,-306,69,4072,3,0,-1,-310,70,4094,0,0,0,-309,67,4079,2,0,0,-311,74,4084,0,-2,1,-304,51,4086,-1,1,0,-319,62,4083,-1,2,0,-312,67,4077,0,0,0,-317,58,4076,1,0,2,-312,67,4088,-1,0,1,-314,63,4084,0,0,0,-318,71,4098,0,0,-1,-307,70,4083,0,0,0,-317,65,4070,2,1,0,-321,62,4089,0,-2,-2,-314,56,4083,0,2,-1,-323,74,4092,-3,0,-1,-317,66,4088,0,1,0,-322,62,4075,0,0,1,-324,55,4082,2,1,0,-303,72,4086,5,0,0,-317,68,4078,-1,0,0,-310,61,4083,0,2,0,-310,73,4093,0,0,0,-316,65,4084,0,1,0,-314,70,4087,0,2,-2,-318,62,4081,-1,0,1,-322,65,4092,1,0,-1,-315,65,4084,2,0,0,-323,67,4091,0,0,-2,-320,73,4100,0,-3,0,-301,56,4087,0,0,0,-308,75,4088,0,1,-1,-308,62,4080,-2,-1,-2,-313,70,4093,0,0,0,-322,62,4086,0,-1,0,-309,65,4085,-2,0,0,-320,53,4091,-1,-1,0,0
-319,56,4092,-1,0,3,-324,80,4108,-2,0,0,-319,66,4098,-3,0,1,-319,60,4091,0,1,1,-313,62,4078,-1,0,-1,-309,63,4099,-1,0,0,-313,59,4071,0,0,-1,-317,69,4086,2,0,0,-315,73,4074,1,0,1,-320,71,4092,2,0,0,-316,76,4095,4,3,-1,-313,56,4067,2,-1,-2,-325,74,4095,1,0,2,-314,78,4074,1,1,0,-307,56,4081,3,-1,0,-318,72,4086,-1,0,0,-320,56,4092,1,0,0,-322,69,4098,1,0,3,-317,62,4081,0,0,0,-309,62,4082,2,0,1,-308,72,4075,-2,0,-1,-309,61,4094,1,0,1,-312,61,4067,2,-1,-1,-317,67,4088,2,0,0,-303,69,4083,0,2,0,-316,59,4093,1,0,3,-309,63,4093,-2,0,0,-328,67,4072,0,0,0,-316,59,4093,1,0,0,-318,71,4087,-2,1,0,-313,60,4100,0,0,2,-325,67,4090,-2,-1,4,-319,52,4085,1,2,1,-292,63,4095,0,0,0,-315,62,4080,0,0,0,-311,75,4092,2,-1,2,-304,83,4085,0,0,2,-318,59,4101,2,0,1,-317,64,4076,1,1,0,-314,68,4101,1,2,0,-319,56,4089,0,0,2,-309,71,4086,0,-1,-2,-319,47,4098,0,0,0,-321,79,4080,1,-1,0,-306,60,4092,0,1,0,-317,68,4086,0,3,1,-315,62,4078,3,0,-2,-317,68,4083,0,2,0,-315,65,4086,0,-1,2,-322,73,4092,3,0,0,0
-311,57,4098,-2,0,1,-311,64,4088,-2,0,-1,-317,68,4106,0,0,0,-308,70,4107,1,2,-1,-323,68,4082,0,1,-1,-316,59,4087,0,2,0,-318,70,4059,3,1,1,-318,54,4095,0,0,1,-316,66,4073,1,1,0,-312,69,4110,0,0,0,-314,61,4068,1,1,0,-316,71,4092,3,1,1,-308,69,4075,0,1,0,-307,57,4087,0,0,0,-310,69,4091,-1,1,0,-323,65,4076,4,0,0,-314,62,4084,-2,0,1,-318,61,4096,2,1,-1,-316,50,4090,-1,-2,-1,-322,60,4079,0,0,0,-315,66,4098,1,0,1,-311,78,4083,-1,1,0,-314,74,4093,0,0,0,-307,66,4088,-4,1,0,-300,61,4084,0,0,0,-311,62,4097,0,-2,0,-314,63,4089,0,0,-1,-312,64,4077,1,2,0,-323,61,4086,0,0,1,-314,60,4088,3,1,0,-310,59,4087,1,2,0,-314,59,4085,0,1,0,-310,65,4084,4,2,1,-313,61,4080,3,0,1,-315,75,4097,-2,1,0,-306,54,4089,0,0,0,-319,71,4090,-1,-1,0,-319,69,4084,0,0,1,-306,61,4097,2,0,3,-328,61,4085,0,0,0,-306,67,4088,0,-2,0,-299,65,4078,1,0,1,-311,65,4087,1,0,1,-313,65,4089,-3,-1,-1,-326,65,4091,0,1,-3,-318,64,4093,0,0,-1,-307,68,4091,0,-1,0,-308,78,4088,0,-1,0,-308,61,4090,0,0,0,-322,78,4079,2,-1,1,0
-302,60,4085,0,1,0,-301,60,4053,2,-2,0,-308,67,4085,0,0,1,-327,64,4077,2,1,1,-325,70,4092,3,1,0,-317,79,4086,-1,0,0,-315,67,4092,-1,1,0,-321,57,4079,0,2,2,-306,68,4078,3,0,-1,-315,68,4083,-2,0,0,-319,66,4088,2,-1,0,-305,50,4081,0,2,0,-323,57,4082,0,-1,1,-306,55,4082,0,0,0,-310,68,4091,0,0,1,-307,65,4086,0,0,0,-310,79,4082,1,1,-1,-320,68,4091,2,2,2,-313,70,4087,1,2,2,-308,63,4076,3,0,-1,-316,67,4089,-2,2,0,-310,63,4087,0,1,0,-309,57,4097,1,0,0,-312,80,4092,2,1,2,-306,59,4080,0,0,-2,-312,63,4097,0,-1,0,-326,63,4092,-1,-1,0,-306,72,4085,1,0,0,-317,55,4088,4,-1,0,-300,61,4087,-2,1,0,-320,61,4083,0,0,-1,-320,61,4078,0,-1,1,-320,71,4089,2,0,0,-316,68,4081,1,-2,0,-306,58,4084,0,1,0,-314,64,4079,-1,2,0,-315,70,4084,-1,-1,2,-310,65,4090,0,0,-1,-307,53,4083,0,0,2,-317,67,4083,0,0,0,-314,77,4086,0,0,0,-316,56,4087,0,0,1,-321,65,4077,1,-1,0,-323,53,4081,-1,1,0,-314,73,4085,0,0,1,-308,73,4084,0,0,-1,-316,62,4083,0,0,-1,-317,72,4070,1,0,1,-315,70,4098,-2,2,0,-315,62,4082,-1,0,-1,0
-321,69,4082,0,0,2,-309,58,4078,-2,0,1,-298,68,4088,2,1,-1,-302,58,4077,1,1,3,-324,73,4096,0,0,0,-315,64,4080,0,1,0,-320,68,4095,0,0,2,-316,58,4076,0,0,1,-318,71,4086,0,2,-1,-315,67,4089,0,0,0,-315,70,4098,1,1,-3,-311,63,4083,0,1,2,-312,77,4097,-1,1,0,-309,57,4090,0,0,0,-315,76,4089,1,2,0,-312,63,4092,3,0,0,-324,61,4085,0,1,0,-321,62,4093,-2,0,2,-330,68,4092,-1,0,0,-305,69,4073,0,1,0,-309,63,4086,2,0,2,-306,51,4081,0,-1,0,-308,62,4082,0,0,0,-324,65,4086,-2,-1,0,-318,64,4086,0,-1,0,-313,68,4089,0,0,0,-302,65,4089,0,-1,0,-313,59,4082,-1,1,-1,-327,69,4078,-1,2,2,-319,63,4088,0,0,-1,-307,73,4082,-2,-1,3,-306,59,4091,-1,1,0,-318,56,4090,1,0,0,-306,65,4096,1,2,-2,-316,68,4088,-2,2,0,-324,63,4095,0,1,0,-310,69,4069,0,0,0,-317,59,4085,0,0,0,-315,63,4087,2,1,1,-312,64,4086,0,0,1,-316,63,4084,1,0,0,-327,66,4087,1,0,0,-320,64,4094,2,0,0,-319,68,4093,0,0,0,-311,82,4091,-3,2,-1,-316,64,4091,-2,0,0,-309,63,4089,0,0,0,-318,75,4080,0,-1,1,-310,53,4092,0,0,1,-322,61,4088,0,0,1,0
-307,69,4087,0,2,1,-306,55,4126,0,0,0,-322,60,4096,0,0,-1,-315,59,4082,2,0,0,-326,66,4084,0,0,-1,-311,57,4067,0,0,1,-324,61,4081,0,2,0,-304,59,4077,0,-3,3,-317,53,4107,0,1,0,-314,62,4089,-1,1,-1,-315,68,4083,0,0,-1,-307,57,4090,0,0,2,-307,64,4093,-2,-3,0,-319,59,4086,2,0,0,-307,57,4083,2,-3,0,-308,83,4072,-1,2,3,-313,66,4077,0,2,0,-327,60,4083,0,1,2,-318,67,4084,1,0,1,-311,73,4083,-3,-1,-1,-321,65,4081,0,0,0,-313,72,4081,-2,0,1,-318,64,4090,0,0,1,-314,66,4078,0,1,0,-303,69,4090,1,-2,0,-326,74,4083,1,1,1,-307,57,4088,0,0,-1,-306,77,4075,0,0,1,-314,58,4087,0,0,0,-314,77,4090,0,0,0,-323,68,4080,2,0,0,-320,55,4089,-2,1,0,-322,67,4072,-2,0,-1,-314,61,4087,0,-1,-1,-323,75,4083,0,0,-1,-305,63,4094,0,1,0,-317,56,4081,1,0,0,-317,77,4082,1,2,-2,-313,57,4079,0,3,1,-314,58,4085,0,1,0,-317,50,4099,0,0,0,-319,60,4087,-2,0,0,-315,67,4092,0,0,1,-315,71,4082,1,2,-1,-329,64,4090,1,0,0,-300,78,4088,-2,0,0,-314,69,4094,1,0,0,-323,75,4094,2,2,-1,-311,60,4078,0,1,1,-300,62,4084,1,0,-2,0
-315,70,4077,1,-1,0,-306,68,4112,0,0,1,-322,61,4068,2,0,0,-305,68,4092,0,2,0,-307,59,4096,1,1,-1,-305,55,4078,0,-1,-1,-318,61,4091,0,0,0,-312,66,4077,4,1,0,-330,65,4092,3,1,0,-316,74,4092,0,0,0,-314,51,4080,1,0,0,-312,64,4101,1,4,0,-315,54,4079,2,0,0,-308,60,4082,1,1,0,-310,70,4078,0,1,2,-320,64,4109,-4,1,0,-314,63,4073,-2,1,0,-311,63,4085,-3,1,1,-316,58,4082,0,0,0,-311,59,4086,2,1,-1,-316,59,4093,1,1,0,-326,61,4086,-1,0,0,-319,60,4082,2,0,0,-319,71,4088,-1,0,-1,-316,67,4091,-1,0,2,-308,54,4076,-3,-2,0,-318,55,4074,1,1,0,-304,60,4097,1,1,0,-314,71,4083,-1,0,0,-303,70,4087,-2,-2,0,-312,65,4081,2,1,0,-312,63,4079,0,0,0,-328,66,4084,2,0,-2,-327,67,4098,0,0,0,-301,60,4086,1,2,0,-323,77,4092,0,-3,1,-311,68,4100,0,-1,0,-304,61,4088,0,0,1,-316,55,4080,1,1,1,-324,77,4097,3,0,0,-318,66,4086,0,-2,0,-317,59,4087,1,-2,2,-332,78,4087,1,-1,3,-329,66,4092,-1,-3,-1,-320,64,4081,0,-1,1,-313,65,4083,0,-2,0,-322,76,4089,1,0,0,-316,67,4082,0,0,0,-313,63,4083,0,-2,0,-320,66,4079,1,1,1,0
-319,69,4085,1,-1,0,-305,178,4084,-4,0,0,-287,179,4075,0,-4,2,-300,187,4083,-1,0,0,-298,186,4085,1,1,1,-321,189,4078,0,-1,-1,-306,179,4087,1,-1,-1,-305,187,4087,-1,-3,0,-312,183,4089,1,-2,1,-305,173,4083,1,-3,-1,-308,160,4083,-1,-1,0,-308,179,4081,0,0,0,-297,173,4089,3,2,0,-301,178,4085,-2,0,1,-316,180,4091,1,1,0,-309,185,4091,1,0,1,-302,181,4078,1,0,1,-300,179,4080,-1,-1,0,-305,169,4077,-1,0,0,-303,156,4079,-2,-2,1,-304,172,4087,1,0,1,-306,183,4079,0,-1,1,-304,169,4098,0,-1,0,-303,165,4090,0,0,0,-305,186,4083,0,-2,0,-298,171,4079,0,0,0,-312,175,4080,2,0,0,-306,171,4081,0,0,0,-297,167,4083,3,0,-1,-307,174,4078,1,-1,2,-299,180,4074,-1,-1,2,-295,153,4083,0,-2,0,-303,174,4094,0,0,0,-309,166,4097,0,-2,0,-311,158,4092,2,0,1,-310,177,4083,0,0,-1,-300,163,4076,0,0,0,-304,189,4093,-2,0,0,-296,173,4074,0,0,3,-297,180,4090,0,-1,0,-319,177,4089,0,0,0,-301,185,4092,0,0,1,-307,175,4087,0,-2,2,-305,170,4083,0,-2,0,-302,178,4086,0,-1,0,-313,176,4083,-1,0,0,-306,174,4087,0,-2,0,-307,161,4089,0,1,0,-312,191,4090,2,1,0,-298,175,4083,0,0,0,1
-298,171,4089,-1,-1,2,-301,177,4062,5,11,0,-296,176,4094,-2,-11,0,-295,189,4092,1,-1,1,-313,177,4080,-2,-1,0,-298,174,4079,2,2,1,-310,171,4082,-2,-3,0,-303,177,4096,0,4,1,-309,168,4078,-2,-1,1,-311,176,4079,-1,3,0,-308,172,4096,0,0,-1,-296,178,4073,5,0,1,-314,180,4089,-2,-2,0,-308,180,4073,2,0,0,-297,177,4093,-1,-1,-2,-306,163,4081,1,1,0,-306,183,4088,-4,-3,0,-301,175,4082,1,-2,1,-303,170,4088,0,1,0,-315,171,4083,0,0,0,-310,165,4086,0,-2,0,-308,183,4083,-1,0,0,-300,176,4065,-1,0,0,-299,172,4078,0,0,1,-299,173,4067,-1,0,0,-308,188,4087,0,0,0,-307,184,4084,0,0,1,-301,181,4098,-2,-1,0,-309,178,4082,0,0,0,-305,177,4091,-1,0,0,-304,180,4074,0,-1,2,-303,163,4086,0,0,1,-310,170,4078,0,0,2,-304,158,4096,-3,0,2,-312,185,4079,0,-4,-1,-303,179,4081,0,0,-1,-300,175,4076,1,0,2,-309,174,4079,0,0,0,-295,171,4080,0,-1,3,-314,176,4083,1,-1,0,-300,177,4098,1,-2,0,-308,184,4078,0,0,1,-309,169,4086,0,-2,0,-312,169,4088,0,-1,0,-299,177,4082,0,0,1,-309,168,4089,0,0,2,-306,180,4093,0,0,0,-297,160,4080,-1,0,2,-306,180,4100,-2,-2,2,-318,179,4083,0,0,1,1
-307,171,4085,1,1,1,-312,173,4128,-4,-1,0,-325,170,4087,8,8,2,-299,168,4071,1,4,0,-297,169,4087,0,-1,0,-315,172,4072,-2,-4,1,-307,187,4078,2,7,2,-310,167,4106,-2,-3,1,-313,171,4087,0,0,0,-298,178,4097,2,0,-1,-302,182,4074,-2,-1,0,-308,169,4100,0,0,-1,-315,176,4081,2,-1,2,-305,170,4090,2,-2,0,-309,175,4074,1,0,0,-305,161,4097,0,1,0,-307,174,4081,0,0,0,-299,180,4084,2,1,1,-312,175,4082,0,-1,1,-314,165,4076,0,0,0,-310,172,4099,0,0,2,-308,169,4088,-3,0,-2,-304,166,4091,-1,0,2,-309,169,4098,1,0,0,-306,162,4083,0,1,0,-308,172,4096,0,-2,0,-290,170,4080,0,0,3,-303,181,4089,0,0,0,-298,186,4076,0,1,0,-306,172,4094,0,-4,2,-291,186,4086,2,0,0,-317,180,4084,0,-1,0,-305,175,4091,-1,-1,0,-303,183,4080,-3,0,1,-310,164,4066,-1,1,0,-315,180,4086,-1,0,0,-313,179,4080,0,0,-2,-308,186,4087,0,-1,1,-306,174,4082,1,-2,0,-305,170,4073,2,0,0,-310,165,4084,2,-2,0,-313,159,4089,2,-1,-1,-305,176,4082,1,-2,0,-312,175,4089,1,0,0,-301,178,4074,0,0,0,-304,175,4089,0,0,0,-315,174,4097,-2,2,0,-303,162,4083,0,-2,3,-301,176,4088,1,-1,1,-316,178,4089,0,0,2,1
-313,168,4093,1,-1,-1,-305,178,4144,-6,-1,0,-276,174,4080,-1,-4,0,-304,175,4087,-1,0,0,-310,169,4095,-1,0,0,-312,165,4089,-2,2,0,-302,179,4097,-2,0,0,-310,171,4086,0,0,0,-299,160,4081,-1,-1,1,-303,183,4079,0,-3,0,-308,175,4077,-1,0,0,-312,170,4092,0,0,0,-306,174,4092,0,0,-1,-315,172,4089,-1,1,-2,-310,181,4077,0,-1,2,-312,167,4069,0,1,0,-304,176,4074,0,-1,0,-290,180,4085,1,1,0,-308,163,4085,0,0,1,-313,173,4078,-2,1,0,-310,186,4091,-2,0,0,-303,179,4082,1,2,2,-308,177,4085,-1,-2,2,-297,175,4084,0,-1,0,-307,185,4076,1,0,0,-308,177,4082,0,0,1,-301,179,4087,0,-1,2,-306,172,4081,0,0,-1,-297,174,4082,0,2,0,-311,175,4087,0,0,0,-315,174,4088,0,-1,1,-306,183,4093,3,0,0,-305,176,4074,0,0,-1,-308,172,4084,0,-1,-1,-302,176,4088,2,2,0,-312,173,4085,-2,0,1,-307,166,4092,0,1,0,-296,177,4073,0,0,-2,-303,184,4079,2,1,0,-304,170,4079,1,0,1,-311,172,4089,0,0,0,-302,189,4081,0,-1,0,-311,177,4081,0,-2,1,-314,169,4088,1,0,1,-309,171,4091,0,0,1,-307,165,4084,0,0,0,-305,168,4081,0,-1,2,-311,176,4083,0,-1,0,-300,165,4091,-2,-2,0,-306,182,4082,-1,-1,0,1
-309,170,4088,0,0,0,-295,170,4078,3,10,0,-299,173,4065,-3,-9,1,-302,183,4067,1,0,0,-313,187,4108,0,-1,-1,-305,181,4088,0,0,0,-295,185,4089,3,1,2,-305,174,4094,-2,-4,0,-305,172,4078,-3,0,0,-301,166,4084,3,-2,1,-309,181,4085,0,0,1,-302,174,4075,0,1,1,-314,169,4101,1,-4,1,-303,162,4057,1,1,0,-303,166,4099,0,0,0,-288,180,4081,-1,0,-2,-307,169,4088,1,0,2,-310,184,4089,0,-3,0,-319,168,4086,0,2,1,-302,183,4072,-1,2,-1,-307,176,4084,0,0,0,-316,174,4083,-2,-1,0,-314,196,4090,4,-1,0,-296,167,4083,1,0,1,-311,189,4101,0,-2,1,-305,182,4087,1,0,2,-309,185,4090,0,0,0,-313,178,4083,1,-1,0,-301,177,4086,2,0,0,-295,177,4080,-1,0,0,-293,163,4082,-1,0,0,-298,169,4091,0,2,0,-311,182,4096,0,-1,1,-301,177,4094,0,1,2,-299,172,4086,0,0,0,-302,177,4081,1,0,-1,-309,174,4085,0,0,0,-317,177,4082,2,0,-1,-304,181,4082,4,0,1,-317,158,4086,2,0,2,-309,170,4086,2,0,0,-303,164,4083,5,1,0,-313,167,4081,0,0,2,-302,173,4083,0,0,0,-296,171,4098,2,0,3,-310,178,4079,2,0,0,-304,170,4086,1,0,-2,-305,172,4073,-1,3,0,-308,164,4093,0,-1,0,-308,170,4083,-2,0,0,1
-310,177,4093,3,0,1,-291,165,4064,4,9,0,-293,169,4103,-4,-8,1,-311,182,4088,-1,-2,0,-304,174,4095,0,0,0,-304,166,4078,1,-1,-3,-307,160,4080,3,0,0,-304,175,4090,2,0,-1,-311,178,4075,-3,-2,0,-308,168,4078,0,0,0,-311,176,4078,0,-3,0,-306,179,4085,0,-1,-2,-303,168,4064,0,-3,-2,-306,171,4091,2,0,-2,-299,175,4090,1,-1,-4,-296,165,4075,3,1,0,-309,176,4094,0,-3,-1,-312,186,4079,-2,-1,0,-307,174,4092,0,-2,-1,-304,184,4079,-2,-2,0,-304,169,4085,1,0,-1,-310,169,4096,0,-1,0,-313,178,4085,0,-1,-2,-299,176,4088,1,0,2,-310,175,4093,0,0,0,-308,178,4085,-1,0,-1,-306,167,4086,-1,-1,0,-303,179,4083,0,0,0,-303,174,4082,2,1,0,-313,177,4090,0,-2,-1,-297,179,4084,-1,0,-1,-302,170,4074,4,0,0,-301,187,4086,0,-1,0,-296,176,4076,-1,0,1,-314,159,4078,0,-2,0,-302,182,4076,-2,0,0,-308,174,4078,2,0,0,-308,174,4087,-1,-1,0,-300,173,4091,0,0,0,-309,175,4094,1,0,0,-316,185,4090,0,0,-2,-312,166,4087,0,2,-1,-317,170,4070,0,0,0,-307,172,4102,0,0,0,-304,174,4087,0,0,0,-313,167,4091,-1,-1,0,-299,174,4098,2,-2,-2,-298,167,4087,0,-1,0,-300,163,4075,0,-3,1,-297,171,4087,-1,0,-1,1
-306,180,4087,0,0,0,-319,167,4098,-2,-3,-2,-305,169,4055,1,5,0,-307,176,4069,5,10,-3,-303,180,4116,0,-4,0,-312,165,4072,-3,-4,-1,-310,174,4088,3,2,-1,-305,165,4082,-1,-3,0,-307,168,4084,-1,-1,0,-300,176,4078,-1,-1,0,-305,171,4092,-3,-3,-2,-318,169,4076,-2,0,0,-302,170,4094,1,0,-1,-304,172,4080,0,-1,0,-303,175,4086,-1,0,0,-306,180,4078,0,0,0,-312,163,4080,-1,0,0,-302,172,4082,0,2,0,-302,182,4091,-1,-1,-2,-312,166,4095,1,0,0,-303,164,4090,0,0,0,-303,180,4075,-1,-4,-2,-310,174,4075,-2,-2,-1,-305,176,4080,-1,-1,0,-300,170,4091,2,-1,-2,-304,172,4082,2,0,-1,-304,165,4082,3,0,0,-300,171,4077,1,-2,-1,-299,172,4088,0,0,0,-303,176,4082,0,-2,0,-298,165,4077,0,0,0,-312,167,4082,0,-2,0,-310,161,4094,0,1,1,-306,171,4073,1,0,-1,-302,172,4089,0,0,0,-314,167,4088,0,0,0,-295,179,4095,2,-1,0,-306,175,4081,-1,0,1,-310,161,4103,1,1,0,-302,168,4085,2,0,0,-308,175,4081,0,-1,0,-306,178,4076,0,0,0,-315,174,4083,2,-2,-2,-297,173,4079,0,-2,-3,-308,171,4075,0,-1,0,-303,171,4092,-1,-1,0,-297,175,4095,0,0,0,-307,178,4086,0,0,0,-301,159,4086,-2,0,-1,-309,175,4087,-1,-2,0,1
-302,177,4078,1,0,0,-314,166,4152,-2,-5,0,-308,182,4063,0,1,-3,-312,169,4070,-1,-2,1,-298,158,4097,2,2,0,-302,166,4083,-2,-7,-3,-311,162,4072,3,2,0,-304,186,4103,-2,-1,-3,-293,170,4085,1,0,1,-306,177,4103,-4,-2,0,-306,169,4087,0,0,1,-304,171,4092,2,-2,0,-300,177,4087,-1,0,0,-305,168,4085,0,-1,0,-308,176,4076,-1,0,-1,-305,179,4080,1,5,0,-314,175,4087,2,-2,-2,-303,165,4084,0,0,-1,-311,172,4082,2,0,0,-311,166,4078,4,0,-1,-311,171,4084,-1,0,0,-296,169,4099,-1,0,-1,-311,178,4087,0,0,0,-306,174,4086,-1,0,-1,-305,172,4088,0,-1,-2,-307,172,4088,1,0,-1,-301,172,4080,-1,-1,1,-305,172,4084,1,1,0,-302,179,4076,0,0,0,-296,160,4084,3,0,0,-297,171,4094,-1,-2,0,-308,188,4081,2,0,0,-308,168,4080,0,0,1,-312,172,4096,-1,0,0,-290,174,4094,0,-1,0,-305,171,4086,0,0,0,-303,175,4089,0,0,-3,-301,176,4092,2,0,-1,-304,180,4089,0,-1,0,-301,166,4077,0,0,0,-300,161,4087,0,-2,0,-313,167,4079,0,0,-2,-314,180,4083,2,-2,2,-313,172,4084,1,0,0,-305,170,4079,0,-1,0,-300,184,4085,0,0,0,-303,185,4087,0,0,0,-300,169,4090,0,0,0,-306,174,4083,1,0,0,-313,174,4079,-2,-1,-1,1
-308,171,4077,2,-1,0,-305,177,4100,1,-2,-1,-311,158,4062,-1,5,-1,-307,185,4086,3,0,-2,-304,181,4089,0,-7,0,-316,161,4067,0,1,0,-321,172,4091,0,4,1,-292,177,4079,-3,-3,-1,-310,169,4070,0,1,-1,-308,178,4092,0,0,1,-313,169,4082,-2,0,0,-317,172,4078,-1,0,0,-309,173,4086,-2,0,0,-291,176,4090,0,-1,1,-296,176,4072,1,1,0,-308,176,4094,-1,0,-4,-296,177,4093,0,-2,1,-303,162,4092,3,0,-1,-314,176,4079,-2,0,-3,-310,181,4077,1,0,0,-306,179,4089,-1,-1,-1,-299,167,4081,0,-1,0,-291,165,4080,0,0,-1,-301,164,4080,2,0,0,-320,177,4086,3,-1,-3,-310,180,4077,0,0,-2,-321,168,4091,-1,-1,0,-316,173,4078,0,0,2,-301,173,4090,-1,0,0,-316,178,4089,0,-1,0,-310,170,4097,-2,0,0,-307,173,4078,0,0,0,-315,164,4090,3,0,1,-306,173,4092,0,0,-1,-311,166,4088,0,0,0,-302,178,4088,0,0,0,-310,174,4085,3,0,-1,-313,189,4088,-1,0,0,-304,170,4080,3,-1,-3,-299,170,4078,0,1,-1,-310,168,4079,0,-1,1,-302,180,4086,1,3,-3,-306,163,4098,0,0,2,-324,173,4086,0,0,-1,-293,184,4077,-3,-1,0,-300,166,4088,0,0,0,-308,174,4084,1,0,0,-307,171,4082,1,0,0,-297,182,4086,0,-1,0,-311,183,4085,0,-1,0,1
-306,168,4081,1,-1,-1,-299,178,4040,0,1,0,-319,178,4092,3,5,0,-313,169,4073,2,1,2,-317,165,4084,1,4,0,-310,179,4081,-1,-1,0,-307,156,4080,4,1,1,-307,166,4088,0,0,0,-314,173,4075,0,0,0,-298,178,4087,0,0,-1,-309,165,4085,-1,2,1,-322,176,4093,-1,-3,1,-302,177,4090,-1,1,0,-314,170,4090,0,-1,0,-299,170,4077,5,2,2,-296,178,4095,0,0,0,-302,163,4084,-2,0,0,-320,170,4086,0,0,2,-307,152,4074,0,1,1,-314,164,4091,-1,1,0,-308,175,4082,0,1,1,-301,167,4079,-2,2,1,-306,179,4083,2,-1,1,-286,173,4081,-2,0,-1,-307,167,4091,0,-1,0,-313,177,4082,-1,-1,1,-301,177,4099,0,-1,0,-308,167,4096,4,0,0,-305,172,4091,-4,-2,1,-309,177,4086,1,0,1,-299,178,4074,0,-1,-2,-300,180,4091,0,0,0,-303,176,4074,1,-1,-1,-308,168,4082,1,0,0,-300,168,4087,2,-1,-1,-307,172,4075,0,-1,2,-302,186,4076,1,2,0,-305,165,4076,2,-1,1,-304,171,4087,0,0,1,-293,180,4083,0,0,1,-309,176,4087,0,-1,0,-307,169,4093,2,-2,-2,-312,167,4080,0,0,-1,-308,182,4085,-2,0,1,-309,164,4087,2,2,0,-300,175,4087,1,0,0,-304,179,4083,1,0,0,-310,171,4086,-2,0,0,-309,177,4094,-1,0,-2,-302,179,4083,0,0,1,1
-313,173,4074,1,0,0,-321,265,4076,0,1,0,-348,273,4085,2,2,4,-345,269,4074,1,-1,0,-339,281,4079,0,0,0,-342,275,4069,-2,0,4,-335,279,4084,1,0,0,-338,273,4076,0,-3,-1,-333,281,4084,0,0,1,-349,275,4073,0,1,0,-346,273,4081,1,0,0,-340,273,4074,0,0,0,-342,267,4076,0,1,0,-333,272,4070,0,0,0,-349,264,4079,3,4,0,-333,288,4083,1,1,0,-356,273,4083,0,2,1,-337,277,4074,0,2,0,-343,274,4073,0,0,0,-331,270,4070,0,0,0,-345,267,4074,2,0,0,-341,277,4081,-1,0,0,-344,275,4073,0,1,0,-346,270,4074,1,0,2,-340,281,4079,0,-1,0,-344,269,4089,-1,0,1,-345,277,4080,-2,0,2,-339,284,4079,0,0,0,-342,277,4090,0,0,1,-336,260,4088,1,0,0,-341,278,4078,0,0,2,-336,273,4083,1,4,0,-337,274,4091,0,0,0,-339,271,4088,0,1,0,-343,269,4079,0,1,1,-347,281,4071,4,-1,0,-333,269,4078,-3,0,3,-338,269,4085,2,0,-1,-333,275,4085,-1,1,0,-341,267,4079,0,0,2,-339,270,4074,0,0,1,-344,273,4080,0,0,0,-338,274,4081,0,0,0,-333,277,4069,0,0,2,-338,269,4089,0,1,1,-346,274,4081,1,0,1,-341,270,4080,-1,0,-1,-336,269,4082,-3,0,0,-341,269,4083,-1,0,-1,-349,264,4075,1,0,2,2
-330,263,4072,0,0,-3,-346,270,4109,-4,1,-1,-335,267,4077,0,0,0,-345,281,4024,3,2,0,-356,272,4098,3,3,1,-333,269,4057,1,0,2,-343,270,4081,0,0,0,-337,282,4082,-2,0,-1,-343,279,4076,-3,0,0,-344,279,4081,0,0,0,-346,269,4079,0,2,-1,-341,276,4089,-1,0,1,-337,276,4079,1,3,0,-348,278,4078,0,-1,0,-343,278,4078,0,2,2,-328,272,4078,0,0,1,-353,270,4080,0,1,0,-335,274,4069,1,2,0,-341,274,4081,0,2,-1,-340,274,4081,0,0,3,-339,262,4088,-1,0,0,-331,267,4081,1,1,-1,-354,264,4086,0,0,0,-335,269,4081,3,0,2,-348,275,4084,0,0,0,-340,274,4085,1,2,3,-342,274,4077,0,0,1,-337,281,4088,-2,0,2,-351,266,4075,0,-2,0,-339,277,4097,0,0,0,-359,277,4083,2,0,0,-329,271,4080,3,1,0,-335,267,4078,2,1,0,-336,264,4068,-3,0,0,-350,263,4066,4,0,0,-348,279,4071,-3,0,0,-337,269,4078,0,1,2,-356,275,4078,1,0,0,-356,265,4071,-2,1,2,-342,272,4086,0,1,2,-336,271,4081,1,1,1,-345,266,4073,1,2,1,-341,266,4080,0,-1,0,-338,271,4073,1,0,0,-337,270,4069,0,0,0,-337,262,4080,-1,0,0,-339,272,4079,0,1,-1,-332,259,4067,2,1,3,-331,269,4084,-1,0,0,-353,271,4087,0,0,-2,2
-340,268,4094,0,0,-2,-342,276,4039,-1,3,-1,-348,285,4068,-2,0,0,-347,269,4064,0,3,0,-347,273,4101,-3,0,2,-342,261,4086,-2,-1,1,-356,269,4072,-1,0,0,-340,278,4085,0,0,1,-354,278,4091,-2,1,0,-341,270,4080,0,-3,0,-341,276,4091,0,2,0,-350,277,4074,-1,1,0,-337,273,4091,0,1,-1,-337,271,4073,-2,1,1,-348,272,4096,0,2,1,-344,271,4080,0,0,0,-337,269,4075,2,-2,1,-348,264,4067,0,0,0,-350,280,4085,2,0,0,-338,272,4072,-3,1,1,-341,278,4082,0,0,0,-345,268,4074,-2,1,1,-348,275,4077,1,-1,0,-352,274,4080,0,-1,1,-332,273,4088,0,2,0,-347,273,4072,-1,2,0,-335,268,4071,1,2,0,-334,273,4078,2,3,1,-349,289,4088,-1,2,1,-331,277,4075,0,1,3,-342,282,4076,0,0,-1,-347,268,4065,0,0,2,-344,268,4089,0,3,0,-347,268,4090,1,0,0,-341,273,4081,-1,0,2,-336,276,4069,2,2,0,-333,287,4067,2,0,-1,-340,268,4079,0,0,1,-342,273,4076,1,0,1,-338,273,4080,0,0,0,-348,281,4076,0,0,-1,-336,272,4085,0,2,-1,-333,269,4082,0,0,1,-346,271,4087,2,0,0,-348,266,4074,0,2,-2,-338,270,4083,-1,1,0,-343,267,4074,1,1,0,-332,279,4090,1,2,1,-334,269,4079,2,0,0,-342,273,4074,2,0,3,2
-347,261,4079,-1,1,1,-320,262,4121,-1,-3,0,-348,269,4086,0,1,0,-337,274,4075,-1,1,0,-348,273,4062,-2,-2,3,-334,268,4094,3,0,-1,-342,274,4083,1,0,0,-327,266,4086,1,0,2,-334,278,4068,-1,0,0,-357,265,4081,0,0,0,-338,267,4085,0,-1,-1,-341,271,4080,1,-2,0,-336,259,4072,0,0,1,-334,271,4073,1,0,-1,-345,266,4070,1,-3,-1,-346,277,4081,-2,1,2,-333,278,4088,0,-1,0,-348,267,4071,2,-1,0,-349,268,4077,0,-1,-1,-350,277,4082,0,0,0,-336,268,4071,0,0,-1,-345,282,4082,0,-1,-1,-346,272,4070,0,-1,0,-344,274,4071,0,0,1,-339,280,4081,0,0,-2,-350,275,4084,-1,-1,0,-336,282,4079,3,0,0,-352,267,4082,-1,-1,0,-345,275,4091,4,0,0,-334,269,4072,-1,-1,2,-349,270,4075,-1,-1,2,-329,268,4074,0,0,-1,-329,269,4092,0,0,0,-348,289,4076,-2,0,0,-343,277,4067,3,3,1,-342,275,4076,0,0,0,-341,257,4076,0,2,0,-342,280,4084,1,1,0,-337,280,4068,1,-2,0,-345,280,4080,-2,0,-1,-340,270,4081,-1,1,-1,-339,274,4080,0,1,0,-339,283,4076,1,1,0,-340,272,4074,-1,0,0,-335,272,4068,1,0,0,-338,274,4083,2,0,0,-335,275,4074,0,0,2,-343,280,4082,3,3,1,-343,264,4087,1,0,0,-342,274,4078,5,0,-1,2
-347,272,4083,0,0,1,-345,273,4103,-1,0,1,-347,268,4072,-2,-2,2,-345,261,4092,-1,0,1,-341,267,4061,-2,1,0,-347,280,4082,1,0,1,-348,277,4071,0,1,3,-336,270,4082,-2,1,1,-350,278,4074,2,1,1,-345,267,4077,0,0,0,-347,276,4085,1,0,0,-340,272,4092,-2,3,0,-343,274,4094,-2,2,0,-331,267,4076,1,0,0,-340,283,4087,0,0,1,-339,271,4085,1,1,0,-351,271,4073,0,-1,0,-337,273,4087,0,-1,0,-337,265,4074,0,0,2,-337,276,4082,1,0,1,-347,272,4077,1,0,0,-344,272,4078,0,2,-3,-336,271,4079,0,-3,0,-338,269,4072,-1,0,-2,-349,255,4077,-1,-2,0,-347,270,4072,0,-1,0,-348,271,4087,-1,-1,0,-335,277,4073,0,-1,1,-341,276,4088,0,-1,0,-352,270,4072,1,0,0,-332,275,4077,-1,0,0,-336,270,4083,0,3,1,-336,266,4073,1,1,0,-340,282,4080,-1,0,0,-349,273,4071,-1,0,0,-326,265,4082,0,0,0,-339,266,4076,3,1,1,-339,282,4080,0,-2,-1,-342,277,4088,0,0,0,-335,266,4069,0,0,0,-344,272,4075,0,0,2,-349,272,4084,1,1,2,-346,269,4066,0,0,0,-340,271,4081,-1,0,-1,-348,261,4079,2,-1,0,-343,266,4082,0,-1,0,-340,274,4078,0,1,0,-349,263,4075,2,1,0,-341,279,4078,0,-1,0,-345,274,4075,-1,1,1,2
-351,269,4078,0,0,-1,-334,263,4140,-4,-3,1,-336,265,4053,-2,2,-2,-340,268,4062,0,2,1,-351,277,4075,0,0,1,-339,274,4079,1,-1,0,-332,270,4075,2,0,0,-348,270,4078,-1,0,0,-342,273,4076,-1,1,0,-344,276,4092,0,0,1,-339,260,4076,0,1,0,-345,259,4078,2,0,2,-345,264,4082,4,1,-1,-343,278,4060,1,-3,2,-350,281,4087,-1,0,0,-342,269,4065,3,0,1,-348,271,4096,0,0,0,-340,283,4054,4,1,-1,-342,262,4089,0,0,0,-329,253,4064,1,-2,1,-341,264,4087,1,1,2,-351,280,4069,0,-1,0,-338,279,4094,2,0,0,-342,270,4082,0,0,0,-338,284,4075,2,-2,0,-351,271,4091,1,1,2,-346,273,4079,2,-5,0,-360,290,4082,1,-2,0,-349,265,4069,0,0,0,-344,270,4074,1,-4,0,-341,275,4082,-1,0,0,-332,273,4078,1,0,0,-335,261,4077,0,-4,0,-339,274,4071,0,-1,0,-340,268,4091,0,0,0,-341,265,4071,-1,1,-1,-352,278,4077,0,0,-1,-347,274,4065,2,-2,0,-351,279,4080,0,-1,0,-340,272,4091,0,0,2,-335,273,4073,0,-1,0,-345,269,4096,0,-2,0,-351,289,4081,1,0,1,-346,277,4071,0,0,0,-340,279,4082,2,0,0,-327,270,4076,1,0,-1,-343,269,4078,-2,0,-1,-351,270,4089,-2,2,0,-355,272,4077,0,0,-1,-332,273,4075,-1,0,1,2
-343,265,4078,-1,0,0,-324,271,4111,0,1,-1,-352,285,4073,1,0,1,-339,273,4091,1,-2,0,-344,266,4074,-3,1,-1,-341,266,4084,-1,-2,0,-357,268,4103,0,-1,0,-343,283,4069,1,-1,2,-345,276,4084,3,0,0,-335,275,4076,-3,0,0,-338,276,4086,0,0,2,-344,267,4071,1,1,0,-332,270,4071,0,2,0,-340,271,4071,0,0,2,-347,268,4079,0,0,-1,-344,269,4079,0,0,0,-344,277,4076,0,1,1,-351,267,4088,0,0,0,-342,275,4084,1,-1,0,-344,268,4084,0,-1,2,-339,280,4078,6,0,-1,-347,268,4079,-1,-2,-2,-348,273,4078,3,0,1,-342,274,4076,0,-2,-1,-336,280,4083,-1,0,-1,-336,275,4083,0,1,0,-339,262,4093,1,0,1,-343,268,4072,0,-2,2,-347,278,4071,0,0,1,-344,264,4067,0,1,-1,-337,266,4077,2,0,-1,-336,274,4081,0,-1,0,-333,281,4075,0,0,-2,-350,256,4071,0,0,0,-351,278,4073,5,0,-1,-324,275,4071,0,2,-2,-343,264,4084,2,1,-1,-340,266,4078,1,-2,0,-339,274,4079,0,-1,0,-348,273,4079,0,-1,0,-345,267,4081,2,0,0,-339,276,4078,0,0,0,-346,280,4084,-1,0,-1,-344,267,4076,-1,0,-1,-355,266,4072,0,-2,0,-338,271,4082,-1,-1,-2,-338,282,4076,2,0,2,-353,281,4076,0,0,0,-341,267,4087,0,-1,-2,-340,266,4087,0,0,0,2
-359,274,4081,0,0,0,-322,270,4049,2,-4,0,-340,274,4091,-2,0,1,-346,268,4089,3,-2,0,-347,279,4070,0,1,0,-340,269,4068,0,-1,0,-334,275,4088,0,0,0,-343,270,4095,0,-1,-1,-353,274,4085,1,0,0,-340,265,4074,1,0,1,-348,271,4065,1,-1,0,-354,277,4076,0,-1,0,-344,267,4089,0,0,2,-343,276,4081,0,0,2,-339,277,4086,2,0,1,-338,280,4086,-2,0,1,-347,260,4085,1,-2,-1,-340,280,4082,2,-1,0,-349,267,4082,1,1,-1,-344,274,4073,0,-1,0,-343,274,4072,-1,-1,0,-349,286,4069,0,0,1,-348,280,4080,2,-2,-1,-344,261,4075,-2,0,0,-340,278,4083,0,0,-2,-341,268,4089,-1,0,0,-340,274,4075,2,-2,0,-345,279,4070,1,-2,0,-348,271,4088,1,1,0,-347,266,4078,0,-4,0,-334,275,4081,1,-1,2,-337,272,4089,0,0,0,-346,271,4080,0,0,0,-346,269,4069,-2,-2,2,-341,267,4070,0,-2,1,-343,276,4073,0,0,0,-354,282,4080,2,0,2,-347,261,4081,3,1,-1,-330,268,4095,0,-2,-1,-334,265,4063,2,-1,0,-330,275,4079,-1,0,1,-338,262,4074,0,0,0,-350,272,4075,1,-1,2,-349,264,4084,0,-2,1,-347,275,4077,0,1,0,-346,259,4082,0,0,0,-345,265,4082,0,-1,-1,-340,276,4083,0,0,0,-343,258,4079,1,-1,2,-345,265,4075,1,0,-1,2
-336,256,4074,1,0,0,-346,278,4048,0,-1,0,-345,262,4090,0,-2,0,-341,272,4076,-2,-2,1,-346,271,4074,-1,-1,0,-345,261,4077,1,0,2,-343,273,4079,0,-2,0,-340,266,4075,0,0,2,-334,279,4083,3,0,0,-331,279,4076,-2,1,1,-337,281,4093,2,0,1,-336,278,4095,2,0,1,-349,271,4089,1,0,1,-353,272,4076,2,-1,0,-343,284,4083,0,0,0,-352,279,4085,1,1,0,-342,276,4073,-2,0,0,-342,272,4098,-1,-1,1,-343,270,4088,1,1,0,-332,271,4079,2,0,0,-346,270,4077,2,0,0,-334,286,4075,1,0,0,-343,287,4079,2,0,1,-354,272,4083,1,-1,0,-344,268,4080,-1,0,0,-341,279,4079,0,-1,0,-330,283,4085,1,0,1,-334,275,4083,0,-2,0,-343,267,4090,2,0,0,-346,277,4082,-1,-1,2,-334,281,4092,4,-1,0,-333,279,4083,-2,0,1,-345,277,4081,0,0,1,-344,286,4079,1,3,-2,-339,277,4101,0,-2,0,-340,280,4074,0,0,-1,-354,277,4078,0,1,0,-338,268,4073,1,0,0,-339,271,4073,-2,2,0,-354,277,4080,0,0,0,-345,268,4081,1,-2,1,-354,278,4079,0,0,0,-348,265,4072,0,0,0,-331,276,4072,1,0,2,-344,264,4079,0,-1,0,-354,273,4079,1,0,1,-341,276,4080,3,0,0,-346,271,4075,0,1,1,-351,276,4081,-1,-1,1,-343,280,4077,0,0,0,2
-346,269,4071,3,0,0,-340,271,4042,1,-1,0,-343,282,4094,2,-1,0,-343,276,4048,0,1,-1,-342,273,4073,2,1,0,-338,275,4066,0,0,0,-346,276,4085,0,0,-2,-344,264,4084,1,-2,0,-351,274,4079,0,0,0,-330,276,4071,0,-2,0,-341,282,4088,-1,0,-1,-335,270,4077,-1,0,0,-333,286,4093,-3,-1,1,-350,272,4069,-1,0,0,-338,278,4094,4,0,1,-350,262,4064,0,0,0,-340,272,4089,0,-1,1,-343,282,4078,0,0,0,-332,271,4091,0,0,2,-337,267,4079,2,1,0,-343,276,4072,1,-1,-1,-342,269,4081,0,0,2,-342,284,4070,1,0,1,-347,270,4085,1,0,0,-349,265,4069,0,1,0,-354,282,4070,0,0,0,-342,264,4094,-3,-1,0,-339,275,4084,1,-1,-1,-342,278,4082,1,1,1,-344,271,4074,0,-1,0,-347,272,4087,0,2,-1,-351,277,4075,0,-2,0,-341,276,4084,0,0,0,-346,266,4070,0,0,1,-330,275,4068,0,0,2,-341,275,4080,2,-2,0,-336,274,4080,0,-1,0,-328,286,4068,-3,2,0,-336,288,4084,0,0,0,-339,268,4085,-1,0,0,-336,271,4084,0,0,0,-353,268,4085,0,3,0,-337,276,4084,-1,0,0,-347,273,4084,0,1,2,-331,283,4084,2,1,0,-339,285,4084,1,0,0,-348,273,4076,0,-2,1,-348,274,4070,2,0,-1,-338,272,4089,2,0,0,-344,272,4081,0,0,0,2
-339,272,4082,-3,0,-2,-331,358,4038,0,1,0,-346,361,4075,1,-1,0,-340,354,4056,-1,0,-1,-346,350,4069,0,0,1,-341,355,4076,1,0,1,-351,349,4075,0,1,-1,-356,360,4065,0,1,0,-334,350,4072,0,-3,1,-355,349,4077,-2,2,0,-354,350,4067,0,0,0,-346,353,4070,0,0,-1,-346,360,4066,1,3,-1,-340,353,4061,0,1,-1,-340,348,4078,0,1,0,-350,354,4074,1,0,0,-343,347,4073,2,0,-1,-348,359,4071,0,0,0,-346,360,4068,-2,0,0,-344,354,4066,3,0,-1,-344,364,4077,2,0,1,-359,358,4072,-2,-1,0,-342,353,4062,1,0,0,-353,344,4077,1,1,0,-333,356,4064,2,0,-1,-346,359,4076,-1,0,2,-358,356,4051,3,0,2,-332,338,4164,-4,0,2,-364,354,4068,1,0,2,-336,338,4097,-2,-2,1,-355,355,4064,0,0,2,-356,356,4067,0,1,0,-344,353,4079,0,-1,0,-356,343,4067,2,3,0,-350,350,4079,2,1,1,-356,363,4077,0,0,0,-361,346,4077,2,0,0,-346,345,4068,0,0,1,-339,356,4078,0,-1,0,-358,346,4074,-1,1,-1,-357,350,4086,0,1,-1,-352,351,4071,3,0,0,-355,347,4080,0,2,1,-343,356,4066,-1,1,1,-335,353,4085,0,0,-1,-346,354,4075,1,2,-1,-343,360,4084,-2,1,2,-352,353,4075,0,0,1,-351,358,4072,0,0,1,-344,354,4079,2,0,0,3
-339,356,4066,0,1,0,-361,360,4091,-2,-1,-1,-345,359,4057,0,0,0,-342,353,4066,1,0,0,-346,355,4068,0,0,0,-352,346,4073,0,0,0,-336,359,4064,0,0,0,-353,362,4074,2,0,-2,-351,360,4073,1,-2,0,-352,351,4069,0,-1,0,-352,348,4082,-1,0,0,-349,347,4060,0,0,-1,-344,344,4077,1,1,1,-346,360,4077,0,0,0,-349,357,4068,0,0,1,-338,358,4056,0,0,0,-342,350,4063,2,0,0,-353,357,4077,1,0,1,-346,354,4078,0,-1,1,-348,345,4082,1,0,0,-353,335,4080,1,2,0,-347,356,4071,-1,0,-1,-347,365,4081,3,2,1,-359,347,4065,3,0,1,-354,366,4073,1,0,0,-346,363,4082,0,-1,2,-354,351,4069,0,-2,0,-346,358,4085,3,0,0,-350,344,4070,2,0,-1,-359,345,4075,-4,1,0,-351,357,4084,2,-2,1,-343,348,4089,0,-1,1,-346,354,4067,-1,1,0,-348,352,4077,2,1,1,-344,352,4067,1,1,1,-360,362,4074,-1,0,1,-351,355,4077,0,1,0,-345,351,4076,-2,-1,0,-341,349,4064,-1,0,1,-354,349,4083,2,1,1,-341,349,4072,2,0,0,-354,354,4080,0,4,0,-350,344,4076,0,0,1,-343,356,4072,2,0,1,-348,353,4077,0,1,-1,-341,366,4067,2,0,1,-356,355,4074,0,1,1,-357,346,4064,0,-1,0,-347,354,4068,1,0,0,-354,345,4067,0,2,2,3
-354,353,4061,0,2,2,-334,367,4001,0,0,3,-350,350,4091,1,0,1,-363,360,4069,-1,-2,0,-341,367,4045,1,-1,1,-355,350,4072,3,0,0,-358,352,4071,0,0,-1,-353,362,4083,3,0,-1,-357,356,4060,0,0,0,-353,360,4081,4,-1,-1,-356,350,4084,0,0,2,-341,346,4070,1,-1,0,-359,356,4079,-1,2,0,-340,360,4068,-2,0,0,-350,345,4076,0,0,0,-343,349,4076,-2,0,0,-365,359,4074,-1,0,2,-359,353,4074,0,0,-2,-353,343,4086,0,0,2,-350,343,4079,-1,2,0,-356,355,4065,0,0,0,-344,357,4075,3,-3,1,-364,358,4062,0,-4,-1,-347,353,4083,-3,0,1,-350,355,4075,0,-1,0,-352,354,4072,2,0,0,-350,351,4078,0,0,2,-343,354,4066,0,-1,1,-349,352,4077,-1,1,1,-351,347,4078,0,1,1,-339,361,4074,0,0,0,-344,350,4062,2,0,0,-342,349,4069,-2,1,0,-349,353,4076,-2,0,0,-351,359,4084,0,0,0,-350,339,4072,-2,-1,0,-346,355,4083,1,0,0,-348,349,4068,0,0,-2,-352,352,4079,0,-1,0,-340,352,4069,1,0,1,-337,345,4075,-1,0,0,-354,354,4061,3,1,-1,-350,356,4074,0,0,0,-353,357,4076,1,0,0,-348,363,4070,-1,0,-1,-337,359,4067,0,-1,0,-340,352,4071,1,0,0,-338,358,4077,4,-1,-1,-350,349,4072,0,1,1,-345,348,4083,0,0,0,3
-344,348,4081,0,2,1,-367,366,4074,-5,-2,0,-347,349,4062,-2,0,2,-344,348,4061,-2,0,0,-359,365,4071,0,-1,1,-341,355,4070,0,0,1,-353,348,4072,0,0,0,-356,352,4057,0,-1,1,-348,365,4094,-3,0,-1,-355,355,4072,0,1,0,-355,352,4089,-1,-1,-1,-345,341,4058,-1,0,-1,-344,354,4077,0,-1,1,-342,340,4080,0,0,-1,-348,346,4072,-2,0,-2,-349,353,4081,1,0,3,-333,355,4081,-2,0,1,-347,366,4073,0,0,0,-340,349,4064,0,0,1,-352,350,4075,-4,0,1,-334,355,4072,-1,0,0,-355,355,4073,0,0,0,-355,348,4075,-1,-2,0,-359,351,4070,0,0,0,-348,350,4068,0,-2,1,-345,362,4073,-3,-1,1,-352,347,4075,1,1,1,-358,347,4078,0,0,0,-345,353,4083,-1,-1,0,-358,358,4073,-1,0,0,-358,344,4064,1,-1,0,-362,361,4071,0,0,1,-334,348,4075,0,0,-2,-353,352,4074,0,0,1,-346,354,4076,0,1,0,-356,348,4071,-1,0,-4,-343,350,4075,0,0,0,-350,365,4069,0,1,0,-342,357,4080,0,0,0,-363,360,4078,1,0,2,-344,366,4069,1,0,0,-349,352,4074,0,-2,1,-355,357,4072,0,0,1,-354,357,4068,-1,-1,1,-354,346,4077,0,-2,0,-348,348,4073,-1,0,0,-341,343,4073,0,-1,1,-353,355,4074,0,0,0,-344,357,4089,0,0,0,-358,354,4063,0,1,0,3
-349,370,4075,2,-1,1,-352,365,4044,-4,0,0,-359,355,4050,3,2,0,-348,358,4074,-3,-1,1,-353,359,4072,-2,0,0,-347,352,4072,0,1,-1,-354,360,4085,1,0,0,-341,356,4060,0,0,0,-357,358,4083,0,0,0,-356,353,4070,1,0,0,-351,343,4073,0,0,1,-353,346,4077,1,1,0,-346,336,4077,1,-1,0,-357,347,4082,-4,0,0,-352,358,4062,0,1,-1,-345,365,4070,-1,0,0,-348,343,4070,0,1,0,-348,354,4072,-1,1,0,-356,355,4085,-3,-1,-1,-358,347,4062,0,0,0,-342,361,4095,0,0,-1,-336,343,4087,-4,0,0,-343,350,4061,0,0,0,-353,353,4083,-1,0,-1,-360,363,4079,-1,-1,0,-349,349,4064,2,0,0,-347,353,4087,0,0,0,-348,359,4064,0,0,2,-352,348,4073,2,0,1,-350,357,4076,0,0,0,-343,345,4079,1,0,0,-355,349,4088,0,0,1,-350,359,4075,0,0,1,-347,351,4071,-1,0,-1,-347,347,4076,0,1,1,-346,358,4082,0,0,2,-348,350,4076,-1,0,0,-345,355,4077,-2,0,0,-341,353,4073,0,0,1,-353,362,4082,3,-2,-1,-359,352,4069,1,2,1,-348,350,4074,0,1,2,-344,354,4059,1,1,0,-349,362,4082,0,-1,-1,-358,347,4073,1,0,1,-345,348,4071,-1,0,3,-358,356,4069,-1,2,0,-362,339,4082,-3,0,0,-347,348,4075,-2,-1,1,-349,358,4078,0,1,1,3
-342,354,4078,0,0,1,-336,338,4128,-3,-4,2,-347,351,4065,0,1,-1,-360,355,4065,0,-2,0,-347,349,4068,0,1,-2,-338,350,4096,-2,-1,1,-335,358,4063,0,0,1,-341,354,4082,-3,0,1,-354,352,4073,4,0,2,-345,350,4076,-1,0,0,-346,353,4073,-2,0,0,-356,359,4076,0,0,0,-338,350,4063,0,-1,1,-339,355,4082,0,0,0,-347,359,4069,0,1,1,-341,358,4086,-1,0,0,-358,356,4078,-1,0,0,-348,356,4086,0,0,2,-352,357,4074,-1,0,-1,-347,345,4066,0,1,-1,-353,349,4070,1,2,0,-359,359,4070,0,0,0,-361,354,4080,0,3,2,-348,360,4080,-4,0,0,-344,359,4077,-1,0,0,-350,341,4074,0,0,0,-343,353,4078,0,0,0,-360,356,4072,0,0,1,-354,358,4067,-1,1,0,-356,366,4077,0,0,0,-362,362,4089,1,0,-1,-343,356,4078,-2,0,2,-347,360,4074,0,0,-3,-342,353,4088,-5,0,0,-348,352,4072,-2,2,-1,-340,358,4076,-1,0,1,-356,351,4075,2,0,0,-354,345,4079,0,-1,0,-348,351,4080,0,0,0,-342,366,4068,0,-1,0,-355,352,4078,0,-2,1,-340,354,4071,0,1,1,-338,353,4070,-3,0,0,-355,347,4072,-3,0,-2,-343,348,4065,-1,-1,3,-359,359,4071,0,-1,0,-349,346,4075,-1,0,-1,-343,355,4073,-2,-1,0,-344,352,4074,-2,-1,0,-352,346,4077,0,1,-1,3
-343,351,4062,0,1,1,-338,351,4116,-6,-2,0,-335,368,4046,0,0,0,-357,348,4119,0,-3,1,-327,351,4070,0,1,0,-335,357,4078,-2,0,0,-360,360,4069,-1,1,-1,-348,353,4065,-2,1,0,-340,352,4071,-1,-1,0,-348,351,4080,-1,0,0,-337,351,4073,0,0,2,-355,356,4077,1,0,-2,-343,350,4073,-1,0,0,-356,354,4081,-4,3,0,-346,361,4065,0,0,-2,-361,360,4073,0,-1,0,-341,345,4067,0,-3,0,-350,357,4084,-2,0,1,-350,351,4078,0,0,2,-341,363,4065,-2,1,1,-352,349,4065,1,-1,0,-353,344,4065,-1,0,1,-345,363,4070,2,-2,-1,-354,352,4079,0,0,0,-349,352,4083,-1,-1,0,-342,365,4088,-3,1,0,-347,342,4058,0,-1,1,-340,341,4076,-1,1,1,-356,340,4085,1,0,0,-355,357,4067,2,0,0,-342,349,4071,1,-2,1,-339,343,4063,1,0,0,-344,357,4069,-1,1,0,-352,353,4069,-1,0,0,-356,359,4082,-1,0,-3,-342,351,4064,0,0,1,-346,350,4065,0,0,-1,-355,356,4067,0,2,-1,-346,361,4074,0,0,1,-341,352,4074,0,-1,0,-349,346,4074,0,0,-1,-337,357,4082,0,0,2,-349,356,4088,-2,2,1,-345,353,4069,0,2,-1,-355,360,4076,-1,-2,1,-349,352,4083,0,-1,-1,-347,353,4070,1,0,-1,-347,353,4067,-3,0,1,-353,354,4076,-1,0,0,-355,349,4074,0,0,2,3
-350,353,4081,-1,-1,2,-342,335,4118,-1,2,-1,-350,356,4062,-3,2,1,-337,351,4062,-1,0,0,-344,351,4073,0,0,0,-352,357,4074,0,0,0,-353,353,4076,0,0,0,-354,354,4056,0,-1,1,-336,348,4083,0,-1,-1,-344,366,4068,-2,0,0,-350,344,4068,0,0,0,-354,342,4079,-1,1,1,-348,361,4073,0,0,-1,-346,352,4066,-2,1,-1,-344,353,4074,1,-2,2,-349,351,4077,-1,0,0,-359,347,4075,-2,1,0,-347,360,4068,0,-1,2,-349,353,4064,0,0,0,-354,359,4069,0,-2,1,-357,353,4079,-2,-1,1,-347,351,4086,-2,0,1,-337,355,4084,-2,0,1,-352,356,4060,-2,-1,1,-345,346,4071,-2,0,1,-339,349,4072,0,0,0,-351,361,4078,-1,0,0,-348,361,4077,-1,0,0,-336,344,4077,-2,0,0,-352,353,4062,0,1,-1,-350,346,4078,0,0,2,-355,354,4076,-2,-2,0,-356,360,4080,-3,-1,-2,-352,350,4076,0,-2,0,-350,355,4070,-1,0,-2,-360,350,4093,0,0,2,-356,344,4069,0,-1,0,-350,350,4091,1,0,2,-352,348,4072,1,2,0,-347,351,4083,-2,-1,-1,-353,363,4083,-1,1,0,-341,355,4083,0,0,0,-355,354,4075,-2,0,0,-343,338,4058,0,0,0,-352,353,4066,-1,2,0,-347,364,4075,0,-1,0,-352,353,4071,-4,3,0,-344,352,4073,-1,0,0,-337,342,4074,-4,0,0,-350,359,4072,-4,0,0,3
-360,348,4075,0,0,0,-348,333,4115,0,0,1,-343,346,4099,-2,-1,-2,-354,357,4125,0,-2,0,-351,347,4062,-1,0,0,-357,351,4065,0,1,0,-350,357,4085,-2,2,0,-356,354,4086,-1,-1,0,-358,346,4067,-1,2,1,-345,357,4074,1,0,0,-347,348,4077,0,-3,-1,-346,355,4069,0,0,2,-349,362,4073,-2,0,0,-352,350,4076,0,0,0,-350,351,4081,0,0,-1,-354,360,4079,0,-1,1,-350,348,4070,0,0,0,-345,351,4082,4,1,1,-352,342,4067,0,-2,0,-343,354,4071,0,0,0,-354,356,4076,0,0,0,-350,351,4075,-1,-2,0,-344,364,4083,0,-1,0,-356,357,4064,0,0,0,-354,354,4088,-2,0,2,-353,355,4066,-1,1,0,-351,351,4070,0,-1,0,-360,355,4072,0,0,0,-343,348,4072,-1,-2,-1,-352,354,4084,-2,0,0,-346,349,4069,0,-1,0,-363,352,4076,-4,-1,0,-343,359,4075,-3,1,1,-352,343,4072,0,2,0,-354,354,4076,-2,-1,-1,-356,363,4070,1,0,0,-337,354,4069,-1,0,1,-340,345,4088,-5,0,0,-351,347,4077,-4,0,1,-351,355,4074,0,0,0,-345,365,4080,0,0,0,-343,362,4075,0,0,0,-351,353,4082,-1,-1,0,-340,358,4086,-1,-4,0,-351,347,4068,-3,0,2,-355,352,4070,-1,0,-1,-357,357,4067,0,0,0,-350,360,4075,-1,-1,0,-355,343,4080,-1,0,0,-355,349,4063,-1,-2,-1,3
-356,345,4075,-1,0,0,-350,374,4041,-3,0,0,-353,361,4104,1,0,0,-347,352,4033,0,-1,0,-361,348,4068,2,0,1,-349,342,4065,-1,0,0,-350,355,4085,0,-1,0,-340,350,4050,0,0,1,-359,353,4073,-1,0,0,-339,351,4072,1,0,0,-346,354,4082,4,2,0,-340,364,4073,0,0,2,-339,355,4076,-2,2,0,-348,357,4059,0,0,0,-348,347,4073,0,0,1,-353,356,4079,-1,0,0,-349,365,4077,0,-1,0,-342,334,4070,-3,1,0,-352,354,4073,-1,-2,2,-347,349,4056,-3,0,0,-355,358,4072,-2,0,1,-353,356,4066,0,-1,0,-352,348,4077,-4,0,0,-351,360,4075,0,1,1,-352,352,4072,-3,0,-1,-342,349,4073,-4,-1,0,-355,363,4074,-1,0,0,-352,349,4077,1,-2,2,-351,348,4074,1,-1,1,-351,348,4065,-1,0,0,-350,352,4069,0,0,-1,-358,354,4087,0,0,0,-353,363,4068,1,0,0,-344,354,4073,-1,0,4,-367,352,4078,0,-1,1,-357,352,4068,4,-2,0,-353,349,4076,-1,-1,0,-348,347,4082,-1,-1,1,-347,354,4077,0,-1,0,-360,356,4089,-1,0,1,-344,340,4065,-3,-2,2,-352,342,4083,0,-1,2,-343,355,4080,0,-1,-2,-342,354,4073,0,0,0,-349,353,4080,-1,2,0,-352,359,4076,1,0,0,-357,350,4075,-1,-1,0,-353,363,4062,-1,-1,0,-357,343,4071,0,0,0,-349,354,4085,0,0,1,3
-354,365,4068,-1,1,0,-367,404,4165,-7,2,0,-341,416,4067,1,0,1,-344,416,4081,0,0,0,-335,411,4064,0,-2,1,-341,417,4080,-3,-1,0,-335,420,4068,0,-3,1,-329,430,4055,-1,0,2,-325,402,4080,0,-1,0,-337,419,4061,3,-1,0,-332,407,4074,1,-2,-1,-325,423,4066,1,0,0,-343,412,4075,1,0,0,-330,410,4072,1,0,2,-328,423,4059,2,1,0,-357,413,4065,-1,1,0,-329,400,4066,0,0,-1,-333,415,4077,1,1,3,-345,413,4071,0,3,-2,-343,410,4076,1,0,0,-333,423,4065,0,0,0,-349,412,4069,2,-1,0,-331,411,4066,2,1,1,-340,412,4070,-1,0,0,-334,412,4068,1,1,0,-341,407,4070,-2,0,-1,-329,413,4070,1,1,0,-321,422,4062,0,-1,0,-338,415,4064,-1,1,0,-328,402,4061,0,-1,0,-329,405,4061,0,0,1,-344,414,4068,0,-1,1,-327,422,4062,0,0,0,-333,410,4080,3,-1,1,-339,418,4067,-1,-1,0,-331,412,4075,0,0,2,-343,413,4077,2,-1,2,-336,410,4067,0,0,0,-333,409,4066,0,-1,0,-351,419,4082,1,0,1,-330,413,4071,0,2,0,-341,404,4072,0,1,1,-335,408,4072,-1,1,-2,-329,412,4058,0,0,0,-339,407,4075,0,0,0,-329,400,4064,0,1,0,-338,407,4061,2,0,0,-331,413,4064,-1,0,0,-335,409,4073,2,-1,-1,-339,411,4066,-2,-1,0,4
-324,425,4065,1,-1,1,-333,428,4060,0,-8,1,-340,407,4087,0,4,0,-339,431,4066,3,0,0,-343,420,4068,0,-1,-1,-344,410,4057,-1,0,-1,-336,409,4069,-1,-2,3,-327,401,4073,-1,0,1,-336,415,4079,0,0,0,-334,423,4062,2,1,0,-335,410,4079,0,1,1,-339,409,4064,-1,0,0,-350,417,4073,0,-1,0,-329,405,4063,1,-1,0,-339,417,4065,3,0,-2,-331,411,4071,2,0,0,-328,412,4059,3,0,0,-344,421,4067,-1,1,-1,-336,415,4074,3,1,1,-338,407,4069,0,-1,2,-331,411,4056,0,-2,0,-333,412,4072,2,-2,0,-339,398,4065,-1,-1,-1,-332,409,4077,0,0,-1,-334,403,4065,-1,0,2,-334,421,4055,0,0,1,-333,406,4075,4,2,0,-331,413,4075,1,-1,0,-336,410,4070,-1,0,0,-327,412,4068,0,-1,0,-324,408,4072,-1,0,1,-343,412,4070,0,1,0,-336,418,4070,0,0,0,-337,408,4069,3,-1,0,-340,414,4064,0,-1,1,-337,401,4060,0,-1,0,-330,409,4057,2,0,1,-335,414,4073,-1,0,-2,-338,414,4068,0,0,0,-335,404,4067,0,0,0,-335,416,4074,1,1,-1,-337,408,4079,0,1,0,-330,423,4087,-1,0,0,-337,409,4067,-2,1,0,-342,407,4072,0,0,0,-335,402,4076,0,0,1,-334,410,4082,0,-1,1,-329,417,4071,0,0,-1,-327,411,4058,-1,0,-3,-335,398,4071,0,-1,0,4
-334,421,4068,0,-1,-2,-312,413,3990,-2,1,3,-335,403,4073,1,1,0,-318,412,4068,2,0,-3,-337,417,4081,2,-2,0,-341,417,4056,-4,0,0,-338,411,4072,1,-3,0,-349,404,4064,0,0,-1,-345,414,4088,-3,-1,0,-342,420,4059,1,0,2,-341,414,4080,2,-1,1,-349,407,4076,0,-1,0,-321,413,4067,3,-1,2,-336,410,4079,-1,0,2,-338,413,4071,2,-1,0,-339,417,4086,0,-1,0,-339,416,4073,1,0,1,-332,411,4079,0,-1,0,-329,408,4063,2,0,0,-350,415,4079,0,0,1,-328,407,4071,0,0,0,-335,420,4064,1,0,2,-345,405,4074,-1,0,0,-343,406,4065,0,0,0,-338,420,4056,1,-1,3,-323,423,4065,1,2,0,-343,405,4066,-3,0,1,-332,414,4067,1,0,0,-343,411,4069,-1,0,0,-341,403,4077,-2,0,1,-332,405,4059,0,0,0,-342,400,4071,1,-1,0,-338,406,4070,-1,0,1,-331,408,4070,2,0,0,-342,425,4070,0,0,0,-333,403,4078,-1,-1,0,-335,409,4076,-2,0,0,-348,411,4063,-1,0,-1,-346,413,4067,4,-1,1,-340,414,4078,0,0,2,-339,416,4072,1,-1,0,-326,415,4076,0,1,3,-329,403,4080,0,3,0,-333,408,4083,0,0,2,-335,419,4076,0,0,-1,-345,410,4072,1,-2,-1,-333,411,4071,2,0,-2,-331,409,4072,-1,2,0,-335,408,4069,1,0,0,-336,398,4070,-2,0,0,4
-337,418,4079,-2,-1,-2,-354,416,4166,-5,0,0,-350,405,4057,1,2,0,-345,411,4102,-4,-3,0,-329,405,4061,2,-4,-2,-338,420,4071,1,-1,2,-331,409,4080,0,-1,0,-328,412,4073,0,-2,0,-338,416,4064,0,-3,0,-327,415,4083,1,0,0,-334,410,4088,-1,-2,0,-335,419,4070,1,0,0,-335,409,4070,-1,-1,0,-322,401,4074,0,-1,0,-348,414,4068,0,1,0,-321,407,4072,1,-2,0,-337,419,4068,2,-1,0,-337,389,4080,2,0,0,-344,416,4079,2,-1,0,-327,415,4054,2,0,0,-340,412,4060,-1,0,2,-336,411,4064,0,0,0,-343,400,4067,-1,0,1,-329,411,4064,0,0,1,-331,416,4069,2,0,0,-337,412,4063,3,0,1,-334,410,4071,1,0,0,-340,411,4060,-2,-1,0,-339,398,4086,0,0,1,-347,405,4070,-1,0,0,-345,423,4069,0,0,0,-335,410,4065,2,0,1,-340,413,4077,0,0,-1,-334,426,4076,0,-1,1,-330,416,4083,0,0,2,-335,405,4079,0,1,0,-344,416,4061,0,0,0,-333,414,4065,1,1,0,-337,410,4073,3,0,-2,-321,414,4070,2,0,2,-343,404,4072,2,-1,0,-342,418,4061,1,-1,0,-333,414,4066,-1,-1,0,-334,405,4056,-2,-3,0,-341,403,4080,0,0,0,-342,392,4071,0,0,1,-334,414,4064,0,0,1,-341,412,4066,1,1,0,-332,409,4063,-1,0,0,-330,399,4071,-3,0,2,4
-338,417,4063,-2,0,-1,-317,397,4170,-2,-4,2,-351,421,4102,0,1,0,-340,416,4105,4,3,0,-332,404,4047,-1,1,0,-341,403,4072,2,2,0,-337,418,4064,0,-3,1,-339,418,4074,-1,0,1,-334,420,4063,-2,0,2,-347,408,4063,0,0,0,-334,412,4085,2,0,1,-338,420,4059,-3,-1,0,-341,403,4071,-2,-1,-1,-331,413,4059,-2,-2,0,-341,411,4060,0,-3,-1,-346,419,4078,0,3,2,-337,411,4076,2,-1,-1,-332,398,4077,0,-1,0,-335,409,4073,0,-2,0,-329,421,4068,2,0,0,-342,418,4067,-4,1,-1,-331,399,4068,0,0,0,-339,418,4067,0,1,1,-344,404,4065,0,-1,0,-327,404,4072,0,-1,1,-332,406,4078,-1,-1,-1,-323,418,4079,0,0,0,-328,418,4060,-3,0,0,-340,420,4066,1,-1,-1,-332,410,4055,0,0,-1,-339,418,4074,0,0,-1,-339,417,4070,0,0,0,-329,419,4067,0,-2,1,-337,400,4080,0,-3,0,-333,413,4065,0,-1,3,-339,412,4067,0,0,-1,-338,422,4071,1,0,0,-329,409,4072,3,-3,0,-325,403,4075,0,0,0,-328,410,4062,0,0,1,-330,418,4057,0,0,1,-336,402,4075,-1,0,0,-337,421,4079,0,0,-1,-332,420,4067,1,-3,0,-337,411,4067,0,-1,1,-329,411,4072,0,0,2,-341,403,4077,2,2,1,-334,417,4063,0,-1,0,-334,407,4072,1,0,2,-340,415,4072,0,-1,0,4
-331,427,4085,1,-1,0,-305,436,4006,-2,4,2,-337,408,4081,0,-3,3,-350,416,4069,-1,-5,0,-351,414,4077,-2,1,0,-340,409,4074,-3,2,0,-336,419,4064,1,1,0,-336,430,4065,1,0,1,-334,415,4061,1,0,1,-330,414,4076,0,0,1,-334,409,4076,-2,-2,0,-340,408,4065,1,0,0,-341,410,4083,0,-1,2,-323,408,4067,0,1,1,-335,408,4078,0,1,0,-337,413,4070,-3,0,0,-332,414,4069,-1,1,0,-330,414,4069,0,-2,-1,-326,406,4069,2,0,-3,-332,411,4064,0,-1,0,-343,412,4058,0,-1,1,-332,411,4058,2,0,-1,-334,408,4075,0,0,1,-342,412,4065,3,0,3,-332,427,4075,-1,0,2,-330,408,4074,-1,-2,0,-337,408,4070,3,-1,-1,-344,410,4073,-2,0,0,-334,416,4070,-1,0,-3,-330,419,4064,0,0,0,-344,418,4076,-1,1,0,-341,414,4071,0,0,1,-335,413,4067,1,-2,0,-330,413,4072,1,0,1,-329,406,4069,-1,0,0,-336,413,4068,-2,1,0,-326,412,4065,0,0,-1,-335,418,4079,3,0,-3,-337,417,4069,0,0,-1,-327,402,4073,0,-1,2,-325,395,4070,0,-1,1,-339,407,4075,0,2,0,-339,408,4072,-1,0,0,-343,412,4060,3,1,0,-337,401,4073,0,0,0,-331,414,4060,-2,0,0,-339,407,4065,0,-1,0,-329,412,4066,0,-2,0,-316,402,4072,0,-1,2,-347,403,4084,0,1,1,4
-345,417,4066,0,1,-1,-308,423,3992,0,3,-1,-332,410,4037,1,0,-1,-337,401,4086,0,0,0,-328,406,4071,2,-3,1,-325,424,4068,0,0,-2,-336,419,4067,-1,3,0,-336,409,4073,1,0,0,-340,403,4042,-1,1,0,-321,405,4068,0,4,0,-338,409,4069,0,0,0,-339,412,4074,0,2,0,-326,412,4082,0,-2,-1,-341,418,4063,0,0,2,-329,402,4060,0,-1,0,-332,409,4080,1,-1,1,-334,403,4082,1,-1,3,-332,399,4071,4,-2,0,-337,407,4067,0,-1,-1,-329,415,4067,0,-1,0,-331,408,4077,2,2,0,-324,411,4083,1,-1,0,-328,409,4064,2,0,1,-329,404,4087,0,0,0,-325,417,4061,0,0,1,-326,420,4081,0,0,1,-347,419,4073,-2,-1,0,-335,402,4064,0,-1,0,-342,416,4077,0,-2,0,-331,402,4077,-4,-2,0,-333,418,4068,0,0,3,-338,413,4071,0,0,0,-339,407,4065,0,-2,1,-342,410,4071,0,-2,0,-329,412,4082,-2,0,0,-330,412,4080,0,-2,2,-331,405,4061,0,0,-1,-345,419,4072,2,0,-2,-340,410,4080,1,1,1,-330,402,4070,0,2,0,-327,410,4074,0,0,0,-333,417,4076,0,0,0,-334,421,4069,3,-1,-1,-330,417,4068,-1,1,-1,-324,408,4071,-3,0,1,-339,414,4065,2,0,1,-334,423,4072,0,1,1,-336,407,4078,0,0,1,-331,408,4066,0,-2,0,-333,408,4069,1,0,1,4
-329,411,4057,0,1,0,-362,426,4114,-7,3,0,-345,412,4047,4,5,0,-317,413,4053,-1,-7,1,-320,410,4042,1,-5,0,-336,411,4067,0,0,1,-328,408,4069,-1,0,0,-332,405,4056,0,0,0,-341,415,4061,-1,0,2,-344,416,4072,1,0,0,-339,408,4073,2,0,-1,-333,423,4078,-1,3,-1,-334,414,4077,0,0,2,-345,419,4074,-1,0,1,-339,410,4057,1,0,3,-335,409,4062,1,0,0,-330,416,4065,-1,1,0,-339,417,4061,0,0,1,-340,406,4074,2,0,1,-344,418,4076,-2,1,0,-331,416,4070,-2,0,0,-341,411,4075,3,0,1,-338,416,4064,0,-1,-1,-348,403,4080,0,-1,3,-336,421,4064,0,0,0,-344,420,4074,3,-2,0,-326,406,4076,0,0,0,-334,403,4072,1,0,0,-331,401,4059,-3,1,0,-341,403,4070,2,-1,-2,-320,414,4071,1,-1,0,-337,412,4074,-2,0,0,-332,407,4079,-2,0,-1,-335,403,4074,0,1,0,-331,409,4068,0,0,0,-349,402,4076,0,0,0,-333,416,4066,0,1,1,-341,405,4071,0,0,0,-329,417,4065,-4,0,2,-331,423,4063,0,-1,0,-336,428,4070,1,0,0,-331,419,4074,0,0,0,-340,414,4077,-2,-2,0,-334,419,4071,1,0,0,-345,416,4072,0,0,-1,-323,420,4071,1,-1,-1,-339,409,4067,-2,0,0,-342,415,4077,-1,-1,0,-335,405,4072,-1,0,1,-338,410,4076,0,0,0,4
-330,404,4076,-1,2,0,-314,420,4041,-5,1,1,-330,403,4081,0,-4,-2,-331,410,4060,-1,0,0,-348,417,4081,1,1,2,-333,399,4050,-2,1,0,-326,413,4061,3,0,2,-325,417,4071,0,1,0,-339,416,4078,0,-1,0,-333,412,4064,-1,0,0,-344,411,4067,0,1,1,-333,402,4074,1,0,0,-332,433,4061,1,0,0,-335,403,4078,1,-1,1,-335,404,4068,2,0,2,-339,409,4074,0,-1,-2,-330,419,4066,3,0,0,-348,410,4065,2,-2,1,-334,409,4070,1,-1,0,-336,417,4075,-2,0,0,-341,406,4070,0,1,0,-335,416,4069,-2,0,0,-332,414,4072,2,2,0,-347,417,4068,0,-1,3,-335,423,4081,1,1,0,-323,421,4070,0,0,0,-341,410,4067,0,0,-1,-331,420,4071,0,-2,2,-336,417,4058,0,-1,0,-330,413,4065,-1,-2,-1,-337,398,4057,2,0,0,-327,418,4066,0,-1,0,-337,407,4078,1,-1,0,-342,427,4058,0,0,0,-350,411,4068,0,0,2,-341,415,4072,1,-3,0,-338,414,4063,5,0,1,-339,404,4074,0,0,0,-341,407,4065,0,0,0,-345,415,4073,0,2,0,-321,414,4064,-1,0,0,-334,401,4069,0,-2,1,-341,411,4068,-1,-1,0,-341,412,4068,1,0,0,-336,408,4069,-2,1,0,-332,407,4074,0,1,0,-335,413,4061,-1,1,0,-346,423,4089,1,0,-2,-332,406,4080,-2,0,0,-333,398,4073,0,0,0,4
-347,411,4071,0,0,0,-317,436,3972,2,-3,1,-345,417,4040,1,-1,1,-331,417,4094,0,-4,0,-339,403,4080,-2,-4,0,-341,417,4063,0,-2,0,-338,409,4085,-1,2,-4,-340,418,4077,0,0,1,-340,416,4075,0,-2,0,-344,417,4060,0,-3,3,-333,412,4084,0,0,0,-331,422,4063,1,-1,1,-342,410,4078,0,0,-1,-330,418,4072,0,0,0,-328,419,4064,0,-2,0,-346,412,4075,0,0,0,-345,400,4070,-1,-2,2,-328,408,4065,-1,-1,1,-327,408,4072,0,1,1,-338,422,4074,-1,0,2,-329,413,4065,0,2,1,-330,403,4061,1,-1,0,-325,412,4076,-2,-6,0,-324,411,4014,0,-1,0,-337,408,4101,1,3,0,-352,402,4121,-1,0,0,-325,422,4040,0,0,2,-329,419,4090,1,-1,0,-343,425,4063,-4,-1,-1,-336,411,4077,1,-1,0,-335,408,4059,0,1,-2,-331,411,4068,0,-1,2,-343,421,4076,1,-1,-1,-339,415,4068,0,0,0,-343,411,4074,-1,0,-1,-323,412,4063,0,0,0,-333,428,4075,1,-1,0,-336,419,4058,2,1,0,-333,417,4079,1,-1,0,-333,415,4061,0,0,0,-322,407,4075,3,-1,1,-343,414,4074,0,0,0,-340,405,4057,1,0,0,-343,420,4083,-1,-1,0,-337,410,4061,0,-1,1,-335,418,4065,0,-1,0,-332,404,4075,0,-1,1,-344,410,4061,1,-2,0,-333,413,4081,0,0,-3,-335,416,4064,-4,1,0,4
-329,415,4064,0,-1,-2,-347,489,4139,3,1,0,-353,487,4051,-1,0,-1,-339,487,4064,-2,-1,0,-338,492,4063,1,-2,0,-336,483,4066,1,0,2,-340,488,4076,-1,0,2,-342,491,4059,1,0,-1,-349,497,4069,1,0,0,-339,481,4053,1,0,0,-341,498,4062,1,0,1,-335,486,4063,-1,0,1,-341,507,4065,-1,0,0,-342,493,4070,1,-1,1,-347,485,4069,-1,-1,1,-347,477,4063,0,0,1,-339,488,4062,0,-2,0,-344,489,4054,-3,-1,0,-332,484,4063,3,0,-1,-332,486,4067,0,0,1,-345,484,4063,0,1,-1,-343,486,4076,0,0,0,-339,489,4057,1,1,-1,-335,486,4064,0,-1,-1,-350,477,4063,0,1,0,-351,484,4069,2,-1,0,-339,490,4069,1,-1,-1,-353,492,4066,1,2,2,-339,493,4053,0,0,0,-350,500,4067,-3,0,0,-347,481,4061,0,-1,2,-341,478,4074,4,-2,-1,-351,487,4064,1,-1,0,-343,490,4069,0,-3,0,-335,484,4070,0,-3,0,-330,490,4057,-1,0,0,-341,491,4059,1,1,-1,-342,501,4075,-1,1,0,-325,491,4058,1,0,0,-337,486,4067,0,-1,0,-343,482,4065,-1,-1,1,-342,489,4058,3,-1,2,-354,490,4046,3,-1,0,-349,495,4066,0,1,0,-338,490,4073,0,-1,0,-343,484,4066,0,-3,-1,-341,486,4071,0,0,0,-348,500,4065,0,2,1,-345,500,4060,0,-1,0,-349,493,4070,0,-1,-2,5
-338,504,4060,2,0,-1,-333,484,4103,5,0,0,-346,493,4133,0,0,1,-327,485,4015,0,-1,-1,-345,488,4093,-1,0,-1,-348,496,4070,3,1,0,-337,486,4077,0,-1,0,-337,483,4058,0,-1,0,-354,484,4068,0,0,0,-344,499,4061,1,2,0,-346,486,4073,0,-1,0,-341,498,4053,2,-1,2,-335,481,4080,-1,-2,0,-337,485,4061,-2,0,0,-351,495,4061,-3,0,2,-339,482,4064,-1,-1,2,-337,475,4056,1,-1,-1,-339,499,4060,0,0,-1,-350,490,4065,-1,0,1,-336,480,4065,2,-2,1,-346,494,4065,2,0,0,-342,482,4069,-2,0,1,-339,486,4061,0,0,0,-341,486,4070,-2,-3,1,-345,489,4071,2,0,1,-332,481,4065,-2,-1,0,-341,491,4069,1,0,1,-339,488,4073,0,1,1,-353,488,4076,1,0,1,-335,485,4057,0,-1,1,-341,496,4072,0,0,0,-341,490,4073,1,-1,0,-353,498,4062,2,-1,-1,-344,487,4057,-2,0,0,-340,491,4060,-1,0,0,-339,489,4052,3,0,1,-337,483,4066,0,1,1,-337,486,4058,0,-2,-1,-336,486,4064,0,1,0,-338,486,4057,1,-1,0,-336,481,4066,0,1,0,-342,485,4067,1,0,0,-335,483,4060,2,2,-1,-345,485,4060,0,-1,-1,-351,495,4070,0,-1,-1,-348,484,4070,1,-1,0,-339,490,4058,2,0,0,-352,489,4067,0,0,0,-346,492,4069,0,-1,0,-340,486,4072,1,1,1,5
-341,493,4068,0,-3,1,-332,499,4080,-3,1,1,-338,491,4071,0,0,0,-347,493,4068,0,-1,1,-335,482,4020,0,0,0,-346,500,4070,0,1,1,-341,491,4068,-2,0,-1,-339,483,4030,1,0,1,-334,493,4058,3,0,1,-344,492,4065,2,0,1,-342,496,4067,0,0,0,-349,480,4051,-1,0,0,-347,494,4069,0,-1,0,-339,482,4072,2,-2,-1,-340,498,4051,0,0,0,-339,489,4077,0,0,0,-351,483,4060,-2,0,0,-353,481,4066,0,-1,0,-330,489,4051,2,-1,1,-328,492,4073,-1,0,1,-332,481,4052,-1,-1,0,-339,487,4067,1,1,0,-344,492,4057,0,-1,0,-350,492,4071,0,0,3,-333,489,4058,0,0,1,-342,480,4056,0,-2,0,-355,497,4064,0,0,0,-353,494,4069,1,-1,2,-344,495,4056,0,-1,1,-347,498,4065,1,-1,0,-340,490,4063,1,3,1,-347,479,4063,0,-1,0,-339,495,4060,1,-1,0,-353,483,4063,0,-2,2,-345,481,4065,-3,0,0,-340,493,4070,0,-1,0,-342,478,4061,1,0,0,-327,491,4065,1,0,0,-340,502,4060,1,0,0,-350,480,4060,2,0,0,-342,490,4069,-1,1,0,-339,487,4061,0,-2,0,-351,496,4066,0,0,0,-349,493,4064,1,0,2,-340,493,4066,0,-1,0,-342,489,4073,2,-1,-2,-339,491,4050,0,0,0,-360,486,4064,0,0,0,-343,489,4057,0,0,0,-337,491,4064,0,-2,0,5
-347,504,4065,0,0,0,-338,486,4111,-4,2,0,-350,488,4062,1,-2,0,-346,499,4036,7,1,1,-330,485,4069,0,0,1,-339,481,4040,-2,3,0,-354,483,4073,-2,0,0,-331,492,4069,1,-1,0,-343,496,4071,-2,0,2,-350,474,4061,0,-1,0,-343,490,4056,0,2,1,-320,491,4057,0,0,0,-344,490,4065,1,0,0,-350,491,4067,-1,4,0,-341,492,4068,0,1,0,-345,498,4062,0,0,1,-332,494,4073,2,1,-1,-339,479,4061,1,-2,1,-346,485,4079,0,-1,-1,-337,485,4057,-1,0,0,-350,492,4061,1,-1,-1,-351,499,4061,0,0,2,-356,484,4056,2,0,1,-335,485,4056,0,3,1,-337,486,4067,-1,0,0,-339,490,4064,0,0,1,-344,489,4045,0,1,0,-337,490,4069,0,0,0,-339,490,4048,1,0,0,-337,490,4057,0,0,0,-325,484,4060,-2,0,1,-343,483,4079,0,0,1,-342,493,4074,2,0,0,-348,482,4070,1,0,0,-341,487,4060,0,0,0,-342,490,4063,1,2,0,-346,496,4052,-1,-2,0,-340,490,4062,0,2,1,-335,487,4060,-3,0,2,-334,489,4069,0,1,0,-332,507,4065,-2,-1,-1,-334,494,4064,2,0,0,-343,491,4061,0,1,0,-333,499,4059,0,2,0,-345,482,4057,-1,1,1,-338,482,4068,0,0,0,-334,491,4058,-2,2,-1,-340,476,4063,0,1,0,-336,490,4053,-1,3,-2,-347,473,4062,0,1,2,5
-338,489,4065,0,-2,0,-343,473,4029,3,0,0,-328,492,4057,-1,1,2,-343,485,4077,-1,0,0,-336,489,4062,3,0,1,-343,481,4078,2,0,1,-344,498,4082,0,0,0,-346,479,4073,0,3,0,-334,498,4061,0,0,0,-349,482,4060,-1,0,0,-347,493,4077,0,1,0,-349,499,4061,0,0,2,-342,489,4053,0,2,0,-345,492,4065,1,1,1,-343,484,4048,0,0,0,-350,495,4061,0,4,1,-328,474,4065,0,1,0,-351,495,4065,-1,1,0,-343,482,4058,1,2,0,-341,499,4075,2,1,0,-344,492,4066,-3,0,0,-339,491,4062,0,1,0,-342,489,4057,0,2,0,-338,485,4072,0,2,0,-335,480,4058,0,1,-1,-342,488,4073,2,2,0,-351,501,4064,2,0,1,-346,481,4063,2,2,1,-349,492,4065,-3,0,0,-344,489,4070,0,1,2,-350,485,4066,-1,1,0,-352,489,4061,-1,0,0,-349,481,4058,-1,0,0,-355,484,4067,1,3,0,-341,480,4070,-2,0,-2,-344,483,4071,1,1,0,-346,498,4068,1,1,1,-331,490,4060,0,0,1,-342,481,4060,-1,0,0,-340,481,4065,0,3,1,-337,494,4057,-1,0,0,-342,482,4057,0,1,1,-342,498,4058,3,0,0,-353,484,4064,-1,-1,1,-348,490,4063,4,1,1,-348,491,4056,0,1,1,-341,494,4060,0,1,0,-360,491,4064,0,-2,0,-336,487,4060,-2,-1,2,-340,483,4060,0,0,0,5
-346,483,4060,0,1,0,-351,500,4170,-3,5,0,-313,492,4070,-4,0,1,-359,493,4063,-2,-2,2,-331,497,4046,-2,2,0,-344,480,4076,-3,1,-1,-354,479,4085,-1,1,1,-350,484,4067,-2,2,1,-336,502,4050,1,0,0,-332,501,4065,-2,2,0,-336,482,4058,1,2,1,-353,491,4067,1,0,0,-357,489,4043,0,1,-1,-348,493,4055,1,1,-1,-338,488,4058,4,0,0,-343,494,4067,-4,1,0,-342,485,4068,1,0,-1,-340,487,4073,0,-1,-1,-336,492,4078,4,2,0,-345,492,4057,0,0,0,-353,475,4059,1,-1,-1,-335,502,4068,0,0,0,-334,492,4058,0,0,0,-337,483,4069,-3,0,0,-345,488,4067,-2,0,0,-342,477,4075,-1,0,2,-330,491,4061,1,0,0,-345,486,4071,1,0,0,-353,482,4057,-2,-1,-1,-343,492,4056,0,-1,0,-340,499,4069,0,0,0,-335,499,4058,0,-1,0,-346,491,4061,0,-2,0,-332,492,4051,-2,0,-1,-344,488,4060,0,0,1,-349,488,4070,0,0,0,-331,491,4055,4,1,1,-338,491,4066,-2,0,-1,-340,490,4051,-2,-1,0,-339,488,4069,0,4,-1,-338,473,4066,0,-2,0,-345,493,4059,0,0,0,-332,500,4065,1,0,-2,-329,503,4060,3,-1,0,-349,481,4068,1,1,0,-328,479,4065,-1,0,0,-339,486,4071,-1,0,0,-333,492,4065,1,1,0,-343,486,4060,0,1,1,-348,490,4065,0,0,0,5
-349,493,4059,-2,-1,0,-335,486,4092,2,0,0,-353,496,4055,0,-1,0,-336,492,4099,-1,1,-1,-358,481,4095,0,0,0,-349,488,4080,0,0,3,-336,480,4071,0,0,0,-339,481,4072,-1,-1,0,-337,472,4072,0,2,0,-336,488,4072,0,0,0,-347,493,4067,1,0,-2,-345,492,4072,-3,0,0,-339,492,4055,2,1,0,-342,486,4067,0,0,0,-334,484,4064,-1,0,1,-344,499,4075,0,1,0,-347,482,4059,0,1,1,-340,495,4064,-1,3,1,-341,482,4067,0,-1,0,-338,493,4053,0,1,0,-331,492,4066,2,-1,1,-346,478,4061,0,-1,0,-345,482,4069,-1,-1,1,-336,490,4067,-4,0,0,-330,484,4067,1,-1,0,-344,485,4075,-1,0,0,-343,492,4071,-1,1,0,-355,482,4072,1,-2,1,-328,492,4061,0,0,-1,-335,507,4070,0,0,0,-354,495,4059,1,3,1,-340,494,4062,0,-1,0,-335,492,4065,4,1,0,-346,497,4067,0,0,1,-352,498,4057,0,0,0,-335,494,4057,0,0,0,-328,489,4063,2,0,0,-343,479,4064,0,0,0,-345,494,4063,1,2,1,-342,499,4062,-2,-1,0,-336,487,4059,0,1,1,-342,477,4067,4,2,2,-335,500,4058,5,0,1,-348,493,4064,0,1,-1,-343,489,4058,2,0,1,-348,487,4064,6,0,0,-348,487,4063,-1,0,-1,-342,491,4070,-1,0,1,-333,486,4053,0,1,1,-339,486,4066,-2,0,0,5
-340,487,4067,1,1,0,-334,489,3972,3,-4,0,-335,478,4122,-1,2,-1,-344,504,4076,3,1,-1,-356,487,4056,0,-1,0,-339,486,4061,0,2,0,-355,489,4058,0,0,2,-348,489,4074,-1,0,-2,-345,488,4063,0,0,0,-334,497,4050,0,0,0,-335,491,4060,1,1,1,-346,497,4054,0,0,0,-339,494,4073,2,0,1,-336,494,4050,3,1,0,-337,488,4056,-1,-1,0,-344,492,4061,0,4,0,-347,493,4065,-1,0,0,-337,482,4064,1,3,0,-339,489,4065,3,1,0,-341,479,4065,0,-2,0,-340,498,4060,1,-1,0,-346,498,4059,-1,0,0,-335,486,4065,3,-1,0,-349,490,4059,0,0,0,-340,487,4058,1,0,-1,-342,492,4052,2,0,0,-347,492,4074,0,2,0,-343,493,4060,2,0,2,-332,494,4063,-1,2,0,-357,485,4056,-3,-1,1,-339,488,4071,1,1,0,-349,488,4065,0,2,0,-347,484,4080,0,1,0,-351,493,4053,0,-1,0,-331,494,4058,0,0,2,-339,498,4053,0,0,-1,-343,500,4074,2,1,0,-345,493,4057,0,-1,0,-332,489,4069,1,0,1,-339,498,4060,0,0,1,-338,490,4064,-1,0,1,-333,491,4062,2,0,0,-342,481,4068,0,0,0,-332,487,4065,0,0,0,-344,485,4071,-2,0,0,-344,492,4061,0,2,0,-347,494,4064,0,1,0,-349,482,4064,3,0,0,-353,488,4065,2,0,0,-341,500,4061,0,0,0,5
-344,491,4060,1,0,1,-345,500,4053,0,-3,0,-342,486,4042,4,-1,0,-342,493,4058,0,-1,0,-341,491,4062,0,-3,0,-356,482,4061,-1,1,2,-337,496,4064,1,0,-1,-345,478,4061,1,0,2,-337,481,4067,-2,0,-1,-341,501,4070,0,0,-1,-344,493,4063,-1,1,-1,-347,486,4079,0,0,0,-332,495,4050,2,2,-4,-344,490,4069,0,-1,1,-343,490,4048,4,0,0,-350,500,4070,-1,1,1,-350,486,4053,0,1,0,-340,486,4064,1,0,0,-353,485,4061,2,-1,0,-337,485,4066,-4,1,0,-339,490,4050,4,0,0,-349,483,4064,-1,2,3,-332,490,4053,0,0,0,-340,482,4072,-1,-2,2,-344,481,4070,0,0,-1,-352,483,4068,0,0,0,-341,489,4054,0,0,1,-348,489,4060,1,5,0,-343,485,4048,2,3,0,-342,498,4053,0,0,0,-343,487,4067,-3,0,0,-349,488,4066,0,2,0,-342,487,4056,0,2,0,-349,491,4069,0,1,2,-345,488,4062,0,0,1,-334,495,4055,0,0,0,-347,501,4057,-1,0,0,-330,493,4062,0,0,0,-348,487,4058,0,2,0,-344,494,4055,-1,0,0,-344,483,4062,-1,0,0,-341,483,4061,0,-1,2,-341,489,4067,1,0,0,-335,491,4060,3,0,0,-340,486,4062,2,-1,-3,-334,485,4063,0,0,3,-345,494,4060,0,0,-1,-352,495,4051,-2,2,2,-353,482,4058,2,0,-1,-342,501,4055,0,0,1,5
-335,488,4061,0,0,0,-352,487,4135,2,0,0,-342,490,4042,3,0,1,-338,499,4030,2,-1,0,-351,492,4037,0,2,0,-340,490,4061,-1,0,0,-344,502,4069,0,3,0,-350,502,4072,1,0,0,-334,497,4081,0,-1,0,-334,497,4063,0,0,-1,-340,484,4065,2,0,-1,-346,488,4064,0,0,1,-342,483,4050,-3,1,2,-340,499,4074,1,0,0,-352,483,4045,1,1,0,-340,486,4071,0,0,0,-342,487,4052,-1,0,0,-344,502,4076,1,0,0,-342,501,4067,0,0,0,-351,479,4078,0,3,0,-342,488,4061,3,-1,1,-345,484,4071,-1,1,-1,-338,493,4062,-1,0,-1,-344,488,4065,-1,0,0,-338,480,4074,1,0,1,-351,489,4060,1,0,1,-342,498,4067,0,0,0,-339,477,4056,3,0,-1,-338,489,4058,1,0,0,-349,488,4065,2,-2,0,-345,492,4068,-1,0,0,-350,500,4060,1,2,-2,-341,489,4057,0,0,-3,-345,492,4046,1,1,0,-351,491,4067,1,0,1,-346,484,4058,0,2,0,-342,489,4065,1,1,0,-351,496,4070,0,2,-1,-349,488,4068,3,0,0,-342,486,4059,0,1,1,-342,485,4062,0,3,0,-357,487,4067,-1,2,0,-343,497,4052,-1,1,3,-338,483,4059,-1,0,1,-345,488,4068,-1,0,0,-336,495,4059,-2,0,0,-346,499,4069,1,0,1,-339,490,4070,1,0,0,-340,485,4053,0,1,2,-345,482,4064,0,0,2,5
